dt,uV
1249.995,-2.5110002
1250.0,-2.344
1250.005,-2.1790001
1250.01,-2.1560001
1250.015,-2.357
1250.02,-2.6990001
1250.025,-2.979
1250.03,-3.045
1250.0349,-2.924
1250.0399,-2.7700002
1250.0449,-2.696
1250.0499,-2.697
1250.0549,-2.7050002
1250.0599,-2.6890001
1250.065,-2.6720002
1250.07,-2.674
1250.075,-2.687
1250.08,-2.6920002
1250.085,-2.6910002
1250.09,-2.693
1250.095,-2.6980002
1250.1,-2.7
1250.105,-2.697
1250.11,-2.697
1250.115,-2.7010002
1250.12,-2.7020001
1250.125,-2.6940002
1250.13,-2.683
1250.135,-2.68
1250.14,-2.6850002
1250.145,-2.6880002
1250.15,-2.68
1250.155,-2.664
1250.1599,-2.6430001
1250.1649,-2.6260002
1250.1699,-2.6130002
1250.1749,-2.604
1250.1799,-2.592
1250.1849,-2.581
1250.19,-2.5730002
1250.195,-2.5740001
1250.2,-2.581
1250.205,-2.5890002
1250.21,-2.5960002
1250.215,-2.6060002
1250.22,-2.624
1250.225,-2.65
1250.23,-2.6780002
1250.235,-2.707
1250.24,-2.7350001
1250.245,-2.762
1250.25,-2.7840002
1250.255,-2.802
1250.26,-2.8170002
1250.265,-2.831
1250.27,-2.844
1250.275,-2.8520002
1250.28,-2.8560002
1250.2849,-2.857
1250.2899,-2.8590002
1250.2949,-2.8630002
1250.2999,-2.8660002
1250.3049,-2.868
1250.3099,-2.871
1250.315,-2.878
1250.32,-2.8850002
1250.325,-2.8890002
1250.33,-2.8880002
1250.335,-2.8880002
1250.34,-2.8920002
1250.345,-2.8990002
1250.35,-2.9050002
1250.355,-2.9050002
1250.36,-2.9060001
1250.365,-2.9120002
1250.37,-2.923
1250.375,-2.9350002
1250.38,-2.9410002
1250.385,-2.943
1250.39,-2.9450002
1250.395,-2.946
1250.4,-2.9410002
1250.405,-2.933
1250.4099,-2.926
1250.4149,-2.9250002
1250.4199,-2.9280002
1250.4249,-2.93
1250.4299,-2.9340003
1250.4349,-2.94
1250.44,-2.9480002
1250.445,-2.9540002
1250.45,-2.9570003
1250.455,-2.959
1250.46,-2.963
1250.465,-2.9710002
1250.47,-2.979
1250.475,-2.9850001
1250.48,-2.986
1250.485,-2.986
1250.49,-2.9870002
1250.495,-2.9910002
1250.5,-2.9950001
1250.505,-3.0010002
1250.51,-3.006
1250.515,-2.9900002
1250.52,-2.917
1250.525,-2.776
1250.53,-2.627
1250.5349,-2.591
1250.5399,-2.749
1250.5449,-3.045
1250.5499,-3.3100002
1250.5549,-3.4010003
1250.5599,-3.318
1250.565,-3.1780002
1250.57,-3.0930002
1250.575,-3.075
1250.58,-3.078
1250.585,-3.071
1250.59,-3.0630002
1250.595,-3.0670002
1250.6,-3.075
1250.605,-3.075
1250.61,-3.0700002
1250.615,-3.0700002
1250.62,-3.0740001
1250.625,-3.0760002
1250.63,-3.071
1250.635,-3.0690002
1250.64,-3.0740001
1250.645,-3.0800002
1250.65,-3.081
1250.655,-3.078
1250.6599,-3.0740001
1250.6649,-3.072
1250.6699,-3.0670002
1250.6749,-3.0590003
1250.6799,-3.0500002
1250.6849,-3.042
1250.69,-3.032
1250.695,-3.0180001
1250.7,-3.002
1250.705,-2.9880002
1250.71,-2.9800003
1250.715,-2.976
1250.72,-2.9740002
1250.725,-2.976
1250.73,-2.9840002
1250.735,-2.996
1250.74,-3.0080001
1250.745,-3.019
1250.75,-3.035
1250.755,-3.0600002
1250.76,-3.0930002
1250.765,-3.1250002
1250.77,-3.1490002
1250.775,-3.1680002
1250.78,-3.1850002
1250.7849,-3.2040002
1250.7899,-3.223
1250.7949,-3.2400002
1250.7999,-3.2540002
1250.8049,-3.2640002
1250.8099,-3.272
1250.815,-3.278
1250.82,-3.2840002
1250.825,-3.2900002
1250.83,-3.2960002
1250.835,-3.3000002
1250.84,-3.302
1250.845,-3.3070002
1250.85,-3.315
1250.855,-3.3260002
1250.86,-3.3350003
1250.865,-3.3400002
1250.87,-3.3420002
1250.875,-3.3450003
1250.88,-3.3520002
1250.885,-3.364
1250.89,-3.3790002
1250.895,-3.3920002
1250.9,-3.4020002
1250.905,-3.41
1250.9099,-3.4160001
1250.9149,-3.42
1250.9199,-3.42
1250.9249,-3.4180002
1250.9299,-3.4140003
1250.9349,-3.4110003
1250.94,-3.4120002
1250.945,-3.4210002
1250.95,-3.4340003
1250.955,-3.446
1250.96,-3.45
1250.965,-3.4520001
1250.97,-3.4600003
1250.975,-3.4770002
1250.98,-3.496
1250.985,-3.5070002
1250.99,-3.5110002
1250.995,-3.5140002
1251.0,-3.5200002
1251.005,-3.525
1251.01,-3.5270002
1251.015,-3.532
1251.02,-3.5410001
1251.025,-3.551
1251.03,-3.5590003
1251.0349,-3.5630002
1251.0399,-3.542
1251.0449,-3.4490001
1251.0499,-3.269
1251.0549,-3.085
1251.0599,-3.0570002
1251.065,-3.2760003
1251.07,-3.6450002
1251.075,-3.9370003
1251.08,-3.9970002
1251.085,-3.8700001
1251.09,-3.719
1251.095,-3.6540003
1251.1,-3.6520002
1251.105,-3.6480002
1251.11,-3.6260002
1251.115,-3.6160002
1251.12,-3.6280003
1251.125,-3.64
1251.13,-3.6330001
1251.135,-3.6200001
1251.14,-3.6190002
1251.145,-3.6230001
1251.15,-3.6190002
1251.155,-3.6100001
1251.1599,-3.6100001
1251.1649,-3.6220002
1251.1699,-3.6290002
1251.1749,-3.6220002
1251.1799,-3.6090002
1251.1849,-3.6020002
1251.19,-3.5970001
1251.195,-3.588
1251.2,-3.571
1251.205,-3.5520003
1251.21,-3.535
1251.215,-3.519
1251.22,-3.502
1251.225,-3.486
1251.23,-3.4720001
1251.235,-3.4580002
1251.24,-3.446
1251.245,-3.44
1251.25,-3.4450002
1251.255,-3.4580002
1251.26,-3.4740002
1251.265,-3.4880002
1251.27,-3.5030003
1251.275,-3.522
1251.28,-3.545
1251.2849,-3.5700002
1251.2899,-3.5920002
1251.2949,-3.6090002
1251.2999,-3.6220002
1251.3049,-3.6320002
1251.3099,-3.6430001
1251.315,-3.6540003
1251.32,-3.663
1251.325,-3.6680002
1251.33,-3.6690001
1251.335,-3.6710002
1251.34,-3.673
1251.345,-3.6740003
1251.35,-3.67
1251.355,-3.663
1251.36,-3.6580002
1251.365,-3.657
1251.37,-3.657
1251.375,-3.653
1251.38,-3.6460001
1251.385,-3.6390002
1251.39,-3.6350002
1251.395,-3.6320002
1251.4,-3.6280003
1251.405,-3.6260002
1251.4099,-3.627
1251.4149,-3.6310003
1251.4199,-3.6330001
1251.4249,-3.627
1251.4299,-3.614
1251.4349,-3.601
1251.44,-3.5920002
1251.445,-3.5850003
1251.45,-3.5770001
1251.455,-3.5670002
1251.46,-3.5560002
1251.465,-3.5470002
1251.47,-3.5390003
1251.475,-3.5340002
1251.48,-3.5300002
1251.485,-3.5300002
1251.49,-3.5310001
1251.495,-3.5290003
1251.5,-3.519
1251.505,-3.5060003
1251.51,-3.4950001
1251.515,-3.4870002
1251.52,-3.4770002
1251.525,-3.4640002
1251.53,-3.4510002
1251.5349,-3.4410002
1251.5399,-3.436
1251.5449,-3.4320002
1251.5499,-3.4180002
1251.5549,-3.357
1251.5599,-3.2110002
1251.565,-3.0000002
1251.57,-2.8430002
1251.575,-2.8890002
1251.58,-3.1680002
1251.585,-3.5260003
1251.59,-3.7370002
1251.595,-3.7050002
1251.6,-3.5290003
1251.605,-3.38
1251.61,-3.3290002
1251.615,-3.3260002
1251.62,-3.3040001
1251.625,-3.2640002
1251.63,-3.242
1251.635,-3.2450001
1251.64,-3.2430003
1251.645,-3.219
1251.65,-3.1920002
1251.655,-3.1820002
1251.6599,-3.1820002
1251.6649,-3.1710002
1251.6699,-3.147
1251.6749,-3.1250002
1251.6799,-3.114
1251.6849,-3.1050003
1251.69,-3.0890002
1251.695,-3.068
1251.7,-3.051
1251.705,-3.0360003
1251.71,-3.015
1251.715,-2.9850001
1251.72,-2.9510002
1251.725,-2.9180002
1251.73,-2.8890002
1251.735,-2.8590002
1251.74,-2.828
1251.745,-2.801
1251.75,-2.7830002
1251.755,-2.7730002
1251.76,-2.7640002
1251.765,-2.756
1251.77,-2.7500002
1251.775,-2.7510002
1251.78,-2.7570002
1251.7849,-2.7680001
1251.7899,-2.782
1251.7949,-2.798
1251.7999,-2.815
1251.8049,-2.8300002
1251.8099,-2.8400002
1251.815,-2.8460002
1251.82,-2.8490002
1251.825,-2.8500001
1251.83,-2.8490002
1251.835,-2.845
1251.84,-2.8430002
1251.845,-2.841
1251.85,-2.8360002
1251.855,-2.8240001
1251.86,-2.8070002
1251.865,-2.792
1251.87,-2.7830002
1251.875,-2.778
1251.88,-2.7700002
1251.885,-2.7600002
1251.89,-2.749
1251.895,-2.7400002
1251.9,-2.732
1251.905,-2.723
1251.9099,-2.7120001
1251.9149,-2.7010002
1251.9199,-2.6920002
1251.9249,-2.6880002
1251.9299,-2.686
1251.9349,-2.686
1251.94,-2.6820002
1251.945,-2.6750002
1251.95,-2.6650002
1251.955,-2.654
1251.96,-2.6430001
1251.965,-2.6290002
1251.97,-2.615
1251.975,-2.6020002
1251.98,-2.5930002
1251.985,-2.5860002
1251.99,-2.582
1251.995,-2.581
1252.0,-2.5830002
1252.005,-2.5860002
1252.01,-2.5830002
1252.015,-2.5740001
1252.02,-2.565
1252.025,-2.5600002
1252.03,-2.558
1252.0349,-2.5500002
1252.0399,-2.536
1252.0449,-2.525
1252.0499,-2.523
1252.0549,-2.525
1252.0599,-2.5240002
1252.065,-2.515
1252.07,-2.4810002
1252.075,-2.388
1252.08,-2.22
1252.085,-2.043
1252.09,-1.9900001
1252.095,-2.158
1252.1,-2.4850001
1252.105,-2.772
1252.11,-2.854
1252.115,-2.7350001
1252.12,-2.5640001
1252.125,-2.4650002
1252.13,-2.447
1252.135,-2.443
1252.14,-2.4190001
1252.145,-2.3950002
1252.15,-2.3950002
1252.155,-2.404
1252.1599,-2.3990002
1252.1649,-2.3790002
1252.1699,-2.364
1252.1749,-2.3620002
1252.1799,-2.3600001
1252.1849,-2.3490002
1252.19,-2.335
1252.195,-2.325
1252.2,-2.319
1252.205,-2.309
1252.21,-2.2940001
1252.215,-2.276
1252.22,-2.259
1252.225,-2.24
1252.23,-2.219
1252.235,-2.1980002
1252.24,-2.176
1252.245,-2.151
1252.25,-2.1220002
1252.255,-2.092
1252.26,-2.0640001
1252.265,-2.042
1252.27,-2.026
1252.275,-2.015
1252.28,-2.0070002
1252.2849,-2.003
1252.2899,-2.006
1252.2949,-2.016
1252.2999,-2.032
1252.3049,-2.0500002
1252.3099,-2.0670002
1252.315,-2.085
1252.32,-2.1060002
1252.325,-2.127
1252.33,-2.1450002
1252.335,-2.157
1252.34,-2.164
1252.345,-2.1690001
1252.35,-2.1750002
1252.355,-2.18
1252.36,-2.183
1252.365,-2.181
1252.37,-2.176
1252.375,-2.1720002
1252.38,-2.173
1252.385,-2.1780002
1252.39,-2.181
1252.395,-2.18
1252.4,-2.176
1252.405,-2.171
1252.4099,-2.1650002
1252.4149,-2.1590002
1252.4199,-2.154
1252.4249,-2.151
1252.4299,-2.148
1252.4349,-2.1430001
1252.44,-2.137
1252.445,-2.1330001
1252.45,-2.135
1252.455,-2.14
1252.46,-2.144
1252.465,-2.1450002
1252.47,-2.1450002
1252.475,-2.1450002
1252.48,-2.1420002
1252.485,-2.13
1252.49,-2.114
1252.495,-2.1000001
1252.5,-2.094
1252.505,-2.0930002
1252.51,-2.094
1252.515,-2.0930002
1252.52,-2.089
1252.525,-2.0870001
1252.53,-2.088
1252.5349,-2.092
1252.5399,-2.0960002
1252.5449,-2.0960002
1252.5499,-2.095
1252.5549,-2.095
1252.5599,-2.0970001
1252.565,-2.1000001
1252.57,-2.1000001
1252.575,-2.098
1252.58,-2.094
1252.585,-2.092
1252.59,-2.092
1252.595,-2.089
1252.6,-2.052
1252.605,-1.945
1252.61,-1.7730001
1252.615,-1.6320001
1252.62,-1.6530001
1252.625,-1.8850001
1252.63,-2.2120001
1252.635,-2.4350002
1252.64,-2.4450002
1252.645,-2.3040001
1252.65,-2.161
1252.655,-2.101
1252.6599,-2.098
1252.6649,-2.0960002
1252.6699,-2.0800002
1252.6749,-2.072
1252.6799,-2.0800002
1252.6849,-2.085
1252.69,-2.0760002
1252.695,-2.066
1252.7,-2.068
1252.705,-2.0760002
1252.71,-2.0760002
1252.715,-2.069
1252.72,-2.062
1252.725,-2.061
1252.73,-2.0570002
1252.735,-2.046
1252.74,-2.0340002
1252.745,-2.026
1252.75,-2.023
1252.755,-2.0180001
1252.76,-2.0080001
1252.765,-1.9940001
1252.77,-1.9770001
1252.775,-1.9590001
1252.78,-1.94
1252.7849,-1.9230001
1252.7899,-1.9080001
1252.7949,-1.8950001
1252.7999,-1.8850001
1252.8049,-1.8780001
1252.8099,-1.8780001
1252.815,-1.8830001
1252.82,-1.8930001
1252.825,-1.9050001
1252.83,-1.922
1252.835,-1.9410001
1252.84,-1.963
1252.845,-1.9860001
1252.85,-2.0080001
1252.855,-2.028
1252.86,-2.0440001
1252.865,-2.058
1252.87,-2.0730002
1252.875,-2.088
1252.88,-2.1000001
1252.885,-2.107
1252.89,-2.1090002
1252.895,-2.111
1252.9,-2.1160002
1252.905,-2.1220002
1252.9099,-2.1260002
1252.9149,-2.1290002
1252.9199,-2.13
1252.9249,-2.131
1252.9299,-2.131
1252.9349,-2.1290002
1252.94,-2.127
1252.945,-2.127
1252.95,-2.127
1252.955,-2.128
1252.96,-2.128
1252.965,-2.13
1252.97,-2.1330001
1252.975,-2.1360002
1252.98,-2.137
1252.985,-2.138
1252.99,-2.141
1252.995,-2.15
1253.0,-2.158
1253.005,-2.1620002
1253.01,-2.158
1253.015,-2.1520002
1253.02,-2.144
1253.025,-2.135
1253.03,-2.1260002
1253.0349,-2.1190002
1253.0399,-2.1200001
1253.0449,-2.127
1253.0499,-2.135
1253.0549,-2.14
1253.0599,-2.1430001
1253.065,-2.1490002
1253.07,-2.157
1253.075,-2.1660001
1253.08,-2.1720002
1253.085,-2.1790001
1253.09,-2.1880002
1253.095,-2.196
1253.1,-2.1990001
1253.105,-2.1980002
1253.11,-2.197
1253.115,-2.2010002
1253.12,-2.2050002
1253.125,-2.209
1253.13,-2.217
1253.135,-2.22
1253.14,-2.181
1253.145,-2.062
1253.15,-1.8920001
1253.155,-1.7880001
1253.1599,-1.8730001
1253.1649,-2.148
1253.1699,-2.459
1253.1749,-2.621
1253.1799,-2.5800002
1253.1849,-2.437
1253.19,-2.3270001
1253.195,-2.299
1253.2,-2.306
1253.205,-2.301
1253.21,-2.2870002
1253.215,-2.285
1253.22,-2.295
1253.225,-2.301
1253.23,-2.295
1253.235,-2.2930002
1253.24,-2.305
1253.245,-2.319
1253.25,-2.3230002
1253.255,-2.3170002
1253.26,-2.3130002
1253.265,-2.3130002
1253.27,-2.315
1253.275,-2.3140001
1253.28,-2.3140001
1253.2849,-2.3140001
1253.2899,-2.312
1253.2949,-2.302
1253.2999,-2.2870002
1253.3049,-2.273
1253.3099,-2.262
1253.315,-2.25
1253.32,-2.237
1253.325,-2.2210002
1253.33,-2.206
1253.335,-2.1980002
1253.34,-2.196
1253.345,-2.1980002
1253.35,-2.2010002
1253.355,-2.2050002
1253.36,-2.2120001
1253.365,-2.2250001
1253.37,-2.2440002
1253.375,-2.2680001
1253.38,-2.2930002
1253.385,-2.319
1253.39,-2.344
1253.395,-2.367
1253.4,-2.3890002
1253.405,-2.41
1253.4099,-2.4290001
1253.4149,-2.4420002
1253.4199,-2.4490001
1253.4249,-2.4550002
1253.4299,-2.4650002
1253.4349,-2.4770002
1253.44,-2.4870002
1253.445,-2.493
1253.45,-2.496
1253.455,-2.5010002
1253.46,-2.5070002
1253.465,-2.5110002
1253.47,-2.5110002
1253.475,-2.5100002
1253.48,-2.512
1253.485,-2.5170002
1253.49,-2.522
1253.495,-2.5270002
1253.5,-2.5340002
1253.505,-2.542
1253.51,-2.551
1253.515,-2.5600002
1253.52,-2.568
1253.525,-2.5790002
1253.53,-2.591
1253.5349,-2.5990002
1253.5399,-2.598
1253.5449,-2.5900002
1253.5499,-2.581
1253.5549,-2.5760002
1253.5599,-2.5760002
1253.565,-2.581
1253.57,-2.588
1253.575,-2.5970001
1253.58,-2.6090002
1253.585,-2.6250002
1253.59,-2.6420002
1253.595,-2.6520002
1253.6,-2.653
1253.605,-2.65
1253.61,-2.651
1253.615,-2.6590002
1253.62,-2.6680002
1253.625,-2.67
1253.63,-2.6690001
1253.635,-2.67
1253.64,-2.676
1253.645,-2.683
1253.65,-2.6910002
1253.655,-2.69
1253.6599,-2.641
1253.6649,-2.5
1253.6699,-2.298
1253.6749,-2.1660001
1253.6799,-2.2540002
1253.6849,-2.5670002
1253.69,-2.924
1253.695,-3.108
1253.7,-3.0570002
1253.705,-2.8960001
1253.71,-2.7840002
1253.715,-2.7610002
1253.72,-2.7670002
1253.725,-2.753
1253.73,-2.732
1253.735,-2.7370002
1253.74,-2.759
1253.745,-2.7670002
1253.75,-2.756
1253.755,-2.749
1253.76,-2.7570002
1253.765,-2.766
1253.77,-2.7630002
1253.775,-2.7540002
1253.78,-2.753
1253.7849,-2.759
1253.7899,-2.7610002
1253.7949,-2.755
1253.7999,-2.749
1253.8049,-2.746
1253.8099,-2.742
1253.815,-2.733
1253.82,-2.7210002
1253.825,-2.7110002
1253.83,-2.7010002
1253.835,-2.686
1253.84,-2.6620002
1253.845,-2.6350002
1253.85,-2.615
1253.855,-2.605
1253.86,-2.6030002
1253.865,-2.605
1253.87,-2.6100001
1253.875,-2.6190002
1253.88,-2.6330001
1253.885,-2.653
1253.89,-2.6780002
1253.895,-2.7080002
1253.9,-2.739
1253.905,-2.7680001
1253.9099,-2.7910001
1253.9149,-2.809
1253.9199,-2.8260002
1253.9249,-2.8400002
1253.9299,-2.8520002
1253.9349,-2.8630002
1253.94,-2.877
1253.945,-2.894
1253.95,-2.907
1253.955,-2.9120002
1253.96,-2.9110003
1253.965,-2.91
1253.97,-2.9150002
1253.975,-2.923
1253.98,-2.9290001
1253.985,-2.9310002
1253.99,-2.9320002
1253.995,-2.933
1254.0,-2.9350002
1254.005,-2.9390001
1254.01,-2.9420002
1254.015,-2.9440002
1254.02,-2.9450002
1254.025,-2.9450002
1254.03,-2.9490001
1254.0349,-2.9610002
1254.0399,-2.9770002
1254.0449,-2.993
1254.0499,-3.0000002
1254.0549,-3.0000002
1254.0599,-2.999
1254.065,-3.0000002
1254.07,-3.002
1254.075,-3.0010002
1254.08,-2.9980001
1254.085,-2.9970002
1254.09,-3.0030003
1254.095,-3.0130002
1254.1,-3.0210001
1254.105,-3.0230002
1254.11,-3.0260003
1254.115,-3.0330002
1254.12,-3.039
1254.125,-3.0400002
1254.13,-3.039
1254.135,-3.045
1254.14,-3.058
1254.145,-3.0670002
1254.15,-3.0660002
1254.155,-3.061
1254.1599,-3.061
1254.1649,-3.0660002
1254.1699,-3.068
1254.1749,-3.051
1254.1799,-2.983
1254.1849,-2.8400002
1254.19,-2.654
1254.195,-2.5440001
1254.2,-2.6360002
1254.205,-2.9310002
1254.21,-3.2600002
1254.215,-3.4220002
1254.22,-3.357
1254.225,-3.186
1254.23,-3.0660002
1254.235,-3.0410001
1254.24,-3.0500002
1254.245,-3.035
1254.25,-3.0070002
1254.255,-3.002
1254.26,-3.016
1254.265,-3.0210001
1254.27,-3.0070002
1254.275,-2.9950001
1254.28,-2.9970002
1254.2849,-3.0030003
1254.2899,-2.9980001
1254.2949,-2.9870002
1254.2999,-2.983
1254.3049,-2.9880002
1254.3099,-2.992
1254.315,-2.986
1254.32,-2.973
1254.325,-2.96
1254.33,-2.95
1254.335,-2.9420002
1254.34,-2.9310002
1254.345,-2.9160001
1254.35,-2.894
1254.355,-2.868
1254.36,-2.841
1254.365,-2.8170002
1254.37,-2.799
1254.375,-2.7870002
1254.38,-2.7800002
1254.385,-2.7770002
1254.39,-2.7770002
1254.395,-2.782
1254.4,-2.7930002
1254.405,-2.811
1254.4099,-2.8330002
1254.4149,-2.857
1254.4199,-2.881
1254.4249,-2.9060001
1254.4299,-2.93
1254.4349,-2.9480002
1254.44,-2.96
1254.445,-2.9680002
1254.45,-2.9750001
1254.455,-2.983
1254.46,-2.9910002
1254.465,-2.996
1254.47,-2.9970002
1254.475,-2.9950001
1254.48,-2.992
1254.485,-2.989
1254.49,-2.9840002
1254.495,-2.9770002
1254.5,-2.9710002
1254.505,-2.9680002
1254.51,-2.9680002
1254.515,-2.9680002
1254.52,-2.963
1254.525,-2.9570003
1254.53,-2.9540002
1254.5349,-2.956
1254.5399,-2.963
1254.5449,-2.9680002
1254.5499,-2.97
1254.5549,-2.9680002
1254.5599,-2.9670002
1254.565,-2.9670002
1254.57,-2.9680002
1254.575,-2.9650002
1254.58,-2.9580002
1254.585,-2.9480002
1254.59,-2.9390001
1254.595,-2.9340003
1254.6,-2.9310002
1254.605,-2.9310002
1254.61,-2.93
1254.615,-2.93
1254.62,-2.933
1254.625,-2.94
1254.63,-2.9490001
1254.635,-2.956
1254.64,-2.9570003
1254.645,-2.9520001
1254.65,-2.946
1254.655,-2.943
1254.6599,-2.9440002
1254.6649,-2.946
1254.6699,-2.9450002
1254.6749,-2.9450002
1254.6799,-2.9450002
1254.6849,-2.9490001
1254.69,-2.956
1254.695,-2.946
1254.7,-2.8830001
1254.705,-2.739
1254.71,-2.558
1254.715,-2.4640002
1254.72,-2.5730002
1254.725,-2.8690002
1254.73,-3.1840003
1254.735,-3.3320003
1254.74,-3.2670002
1254.745,-3.1020002
1254.75,-2.9810002
1254.755,-2.9450002
1254.76,-2.9450002
1254.765,-2.9320002
1254.77,-2.9090002
1254.775,-2.903
1254.78,-2.913
1254.7849,-2.9180002
1254.7899,-2.91
1254.7949,-2.901
1254.7999,-2.897
1254.8049,-2.894
1254.8099,-2.884
1254.815,-2.8730001
1254.82,-2.8700001
1254.825,-2.8700001
1254.83,-2.8630002
1254.835,-2.8490002
1254.84,-2.8360002
1254.845,-2.8290002
1254.85,-2.8230002
1254.855,-2.8100002
1254.86,-2.7910001
1254.865,-2.769
1254.87,-2.7470002
1254.875,-2.7210002
1254.88,-2.6910002
1254.885,-2.663
1254.89,-2.641
1254.895,-2.627
1254.9,-2.617
1254.905,-2.6100001
1254.9099,-2.607
1254.9149,-2.608
1254.9199,-2.611
1254.9249,-2.618
1254.9299,-2.6330001
1254.9349,-2.6590002
1254.94,-2.6920002
1254.945,-2.7220001
1254.95,-2.742
1254.955,-2.755
1254.96,-2.765
1254.965,-2.776
1254.97,-2.785
1254.975,-2.792
1254.98,-2.798
1254.985,-2.8040001
1254.99,-2.808
1254.995,-2.808
1255.0,-2.805
1255.005,-2.805
1255.01,-2.8060002
1255.015,-2.8060002
1255.02,-2.802
1255.025,-2.7970002
1255.03,-2.7960002
1255.0349,-2.798
1255.0399,-2.798
1255.0449,-2.792
1255.0499,-2.7840002
1255.0549,-2.782
1255.0599,-2.786
1255.065,-2.789
1255.07,-2.7870002
1255.075,-2.7830002
1255.08,-2.7830002
1255.085,-2.7900002
1255.09,-2.798
1255.095,-2.8000002
1255.1,-2.7940001
1255.105,-2.786
1255.11,-2.7770002
1255.115,-2.7700002
1255.12,-2.7630002
1255.125,-2.7580001
1255.13,-2.7570002
1255.135,-2.7580001
1255.14,-2.7600002
1255.145,-2.7630002
1255.15,-2.769
1255.155,-2.778
1255.1599,-2.788
1255.1649,-2.795
1255.1699,-2.7960002
1255.1749,-2.7970002
1255.1799,-2.801
1255.1849,-2.808
1255.19,-2.8130002
1255.195,-2.809
1255.2,-2.801
1255.205,-2.7970002
1255.21,-2.8030002
1255.215,-2.812
1255.22,-2.8140001
1255.225,-2.7900002
1255.23,-2.7150002
1255.235,-2.575
1255.24,-2.42
1255.245,-2.361
1255.25,-2.493
1255.255,-2.7840002
1255.26,-3.068
1255.265,-3.1790001
1255.27,-3.0920002
1255.275,-2.93
1255.28,-2.8230002
1255.2849,-2.799
1255.2899,-2.802
1255.2949,-2.7900002
1255.2999,-2.7740002
1255.3049,-2.7740002
1255.3099,-2.7840002
1255.315,-2.7840002
1255.32,-2.7710001
1255.325,-2.765
1255.33,-2.7710001
1255.335,-2.778
1255.34,-2.775
1255.345,-2.7670002
1255.35,-2.7640002
1255.355,-2.766
1255.36,-2.766
1255.365,-2.7600002
1255.37,-2.752
1255.375,-2.742
1255.38,-2.7310002
1255.385,-2.7180002
1255.39,-2.706
1255.395,-2.6950002
1255.4,-2.6810002
1255.405,-2.6620002
1255.4099,-2.6390002
1255.4149,-2.617
1255.4199,-2.5990002
1255.4249,-2.584
1255.4299,-2.5740001
1255.4349,-2.5700002
1255.44,-2.572
1255.445,-2.5770001
1255.45,-2.581
1255.455,-2.5860002
1255.46,-2.598
1255.465,-2.621
1255.47,-2.6480002
1255.475,-2.674
1255.48,-2.6950002
1255.485,-2.7110002
1255.49,-2.726
1255.495,-2.739
1255.5,-2.7510002
1255.505,-2.7600002
1255.51,-2.769
1255.515,-2.775
1255.52,-2.7770002
1255.525,-2.775
1255.53,-2.775
1255.5349,-2.7770002
1255.5399,-2.782
1255.5449,-2.7840002
1255.5499,-2.7810001
1255.5549,-2.7770002
1255.5599,-2.776
1255.565,-2.776
1255.57,-2.775
1255.575,-2.772
1255.58,-2.7680001
1255.585,-2.7670002
1255.59,-2.766
1255.595,-2.7640002
1255.6,-2.759
1255.605,-2.755
1255.61,-2.752
1255.615,-2.7540002
1255.62,-2.7570002
1255.625,-2.7610002
1255.63,-2.762
1255.635,-2.7570002
1255.64,-2.7450001
1255.645,-2.73
1255.65,-2.716
1255.655,-2.707
1255.6599,-2.7010002
1255.6649,-2.696
1255.6699,-2.693
1255.6749,-2.6910002
1255.6799,-2.693
1255.6849,-2.6940002
1255.69,-2.6940002
1255.695,-2.6940002
1255.7,-2.6980002
1255.705,-2.703
1255.71,-2.706
1255.715,-2.706
1255.72,-2.706
1255.725,-2.709
1255.73,-2.7120001
1255.735,-2.7120001
1255.74,-2.7120001
1255.745,-2.7150002
1255.75,-2.7210002
1255.755,-2.7270002
1255.76,-2.729
1255.765,-2.713
1255.77,-2.644
1255.775,-2.5040002
1255.78,-2.3430002
1255.7849,-2.283
1255.7899,-2.4220002
1255.7949,-2.72
1255.7999,-3.0040002
1255.8049,-3.1120002
1255.8099,-3.0300002
1255.815,-2.8820002
1255.82,-2.789
1255.825,-2.7710001
1255.83,-2.7770002
1255.835,-2.7700002
1255.84,-2.7570002
1255.845,-2.7570002
1255.85,-2.7640002
1255.855,-2.7640002
1255.86,-2.759
1255.865,-2.7580001
1255.87,-2.7640002
1255.875,-2.769
1255.88,-2.7670002
1255.885,-2.766
1255.89,-2.7680001
1255.895,-2.7710001
1255.9,-2.7700002
1255.905,-2.766
1255.9099,-2.762
1255.9149,-2.7570002
1255.9199,-2.749
1255.9249,-2.739
1255.9299,-2.73
1255.9349,-2.72
1255.94,-2.7050002
1255.945,-2.686
1255.95,-2.6680002
1255.955,-2.653
1255.96,-2.6420002
1255.965,-2.63
1255.97,-2.618
1255.975,-2.6100001
1255.98,-2.6100001
1255.985,-2.618
1255.99,-2.631
1255.995,-2.6450002
1256.0,-2.66
1256.005,-2.677
1256.01,-2.7
1256.015,-2.729
1256.02,-2.759
1256.025,-2.7830002
1256.03,-2.799
1256.0349,-2.812
1256.0399,-2.8270001
1256.0449,-2.844
1256.0499,-2.858
1256.0549,-2.8660002
1256.0599,-2.868
1256.065,-2.8660002
1256.07,-2.864
1256.075,-2.864
1256.08,-2.867
1256.085,-2.8720002
1256.09,-2.874
1256.095,-2.8730001
1256.1,-2.8690002
1256.105,-2.8690002
1256.11,-2.8730001
1256.115,-2.8790002
1256.12,-2.8820002
1256.125,-2.88
1256.13,-2.878
1256.135,-2.88
1256.14,-2.887
1256.145,-2.8950002
1256.15,-2.901
1256.155,-2.9050002
1256.1599,-2.9090002
1256.1649,-2.913
1256.1699,-2.9160001
1256.1749,-2.9120002
1256.1799,-2.901
1256.1849,-2.89
1256.19,-2.884
1256.195,-2.8850002
1256.2,-2.89
1256.205,-2.8950002
1256.21,-2.901
1256.215,-2.91
1256.22,-2.9180002
1256.225,-2.923
1256.23,-2.927
1256.235,-2.9320002
1256.24,-2.9380002
1256.245,-2.9440002
1256.25,-2.947
1256.255,-2.947
1256.26,-2.946
1256.265,-2.946
1256.27,-2.95
1256.275,-2.9570003
1256.28,-2.9610002
1256.2849,-2.9610002
1256.2899,-2.96
1256.2949,-2.947
1256.2999,-2.8830001
1256.3049,-2.7310002
1256.3099,-2.532
1256.315,-2.426
1256.32,-2.5470002
1256.325,-2.877
1256.33,-3.2250001
1256.335,-3.384
1256.34,-3.3140001
1256.345,-3.15
1256.35,-3.045
1256.355,-3.029
1256.36,-3.0360003
1256.365,-3.0180001
1256.37,-2.996
1256.375,-2.999
1256.38,-3.016
1256.385,-3.0180001
1256.39,-3.005
1256.395,-2.9970002
1256.4,-3.0030003
1256.405,-3.0100002
1256.4099,-3.005
1256.4149,-2.9970002
1256.4199,-2.999
1256.4249,-3.0070002
1256.4299,-3.0080001
1256.4349,-2.9970002
1256.44,-2.986
1256.445,-2.9810002
1256.45,-2.979
1256.455,-2.9710002
1256.46,-2.9570003
1256.465,-2.94
1256.47,-2.9220002
1256.475,-2.903
1256.48,-2.8830001
1256.485,-2.8650002
1256.49,-2.854
1256.495,-2.848
1256.5,-2.8460002
1256.505,-2.845
1256.51,-2.8470001
1256.515,-2.857
1256.52,-2.8750002
1256.525,-2.9
1256.53,-2.9280002
1256.5349,-2.956
1256.5399,-2.983
1256.5449,-3.012
1256.5499,-3.0410001
1256.5549,-3.068
1256.5599,-3.0860002
1256.565,-3.0970001
1256.57,-3.1030002
1256.575,-3.1120002
1256.58,-3.1230001
1256.585,-3.1350002
1256.59,-3.1420002
1256.595,-3.1460001
1256.6,-3.1480002
1256.605,-3.1490002
1256.61,-3.1480002
1256.615,-3.1480002
1256.62,-3.147
1256.625,-3.1460001
1256.63,-3.1430001
1256.635,-3.137
1256.64,-3.1330001
1256.645,-3.134
1256.65,-3.1390002
1256.655,-3.1420002
1256.6599,-3.1390002
1256.6649,-3.1330001
1256.6699,-3.131
1256.6749,-3.137
1256.6799,-3.147
1256.6849,-3.1560001
1256.69,-3.1610003
1256.695,-3.163
1256.7,-3.1620002
1256.705,-3.1590002
1256.71,-3.1550002
1256.715,-3.15
1256.72,-3.147
1256.725,-3.1480002
1256.73,-3.154
1256.735,-3.1610003
1256.74,-3.1660001
1256.745,-3.1680002
1256.75,-3.1680002
1256.755,-3.1710002
1256.76,-3.1790001
1256.765,-3.187
1256.77,-3.1890001
1256.775,-3.187
1256.78,-3.187
1256.7849,-3.1920002
1256.7899,-3.1970003
1256.7949,-3.1970003
1256.7999,-3.193
1256.8049,-3.1920002
1256.8099,-3.1940002
1256.815,-3.1980002
1256.82,-3.1940002
1256.825,-3.16
1256.83,-3.062
1256.835,-2.897
1256.84,-2.742
1256.845,-2.7280002
1256.85,-2.9290001
1256.855,-3.262
1256.86,-3.528
1256.865,-3.581
1256.87,-3.4540002
1256.875,-3.298
1256.88,-3.2240002
1256.885,-3.2250001
1256.89,-3.232
1256.895,-3.2170002
1256.9,-3.2010002
1256.905,-3.2050002
1256.9099,-3.2150002
1256.9149,-3.213
1256.9199,-3.2010002
1256.9249,-3.196
1256.9299,-3.1990001
1256.9349,-3.1980002
1256.94,-3.1910002
1256.945,-3.186
1256.95,-3.1880002
1256.955,-3.1890001
1256.96,-3.1790001
1256.965,-3.1610003
1256.97,-3.1460001
1256.975,-3.137
1256.98,-3.1280003
1256.985,-3.1130002
1256.99,-3.094
1256.995,-3.0730002
1257.0,-3.0530002
1257.005,-3.0310001
1257.01,-3.006
1257.015,-2.979
1257.02,-2.956
1257.025,-2.9410002
1257.03,-2.9350002
1257.0349,-2.9340003
1257.0399,-2.9340003
1257.0449,-2.937
1257.0499,-2.946
1257.0549,-2.9640002
1257.0599,-2.9910002
1257.065,-3.0200002
1257.07,-3.0470002
1257.075,-3.068
1257.08,-3.085
1257.085,-3.1000001
1257.09,-3.1150002
1257.095,-3.13
1257.1,-3.1420002
1257.105,-3.1490002
1257.11,-3.1520002
1257.115,-3.153
1257.12,-3.154
1257.125,-3.154
1257.13,-3.1520002
1257.135,-3.1490002
1257.14,-3.147
1257.145,-3.1450002
1257.15,-3.144
1257.155,-3.1430001
1257.1599,-3.141
1257.1649,-3.1390002
1257.1699,-3.134
1257.1749,-3.127
1257.1799,-3.121
1257.1849,-3.118
1257.19,-3.1150002
1257.195,-3.111
1257.2,-3.1060002
1257.205,-3.104
1257.21,-3.108
1257.215,-3.1130002
1257.22,-3.114
1257.225,-3.1100001
1257.23,-3.1030002
1257.235,-3.094
1257.24,-3.0800002
1257.245,-3.0640001
1257.25,-3.051
1257.255,-3.0460002
1257.26,-3.0470002
1257.265,-3.0490003
1257.27,-3.0470002
1257.275,-3.0430002
1257.28,-3.0400002
1257.2849,-3.0370002
1257.2899,-3.0360003
1257.2949,-3.0360003
1257.2999,-3.0360003
1257.3049,-3.0340002
1257.3099,-3.029
1257.315,-3.0240002
1257.32,-3.019
1257.325,-3.0140002
1257.33,-3.0070002
1257.335,-2.999
1257.34,-2.993
1257.345,-2.989
1257.35,-2.9850001
1257.355,-2.963
1257.36,-2.8930001
1257.365,-2.7470002
1257.37,-2.561
1257.375,-2.45
1257.38,-2.536
1257.385,-2.8190002
1257.39,-3.141
1257.395,-3.308
1257.4,-3.2510002
1257.405,-3.078
1257.4099,-2.9420002
1257.4149,-2.8990002
1257.4199,-2.8990002
1257.4249,-2.884
1257.4299,-2.854
1257.4349,-2.838
1257.44,-2.8420002
1257.445,-2.8430002
1257.45,-2.828
1257.455,-2.8100002
1257.46,-2.801
1257.465,-2.7940001
1257.47,-2.7800002
1257.475,-2.7630002
1257.48,-2.752
1257.485,-2.746
1257.49,-2.7370002
1257.495,-2.719
1257.5,-2.6990001
1257.505,-2.6820002
1257.51,-2.6650002
1257.515,-2.6450002
1257.52,-2.6220002
1257.525,-2.598
1257.53,-2.5700002
1257.5349,-2.536
1257.5399,-2.5010002
1257.5449,-2.47
1257.5499,-2.446
1257.5549,-2.4220002
1257.5599,-2.3960001
1257.565,-2.3730001
1257.57,-2.358
1257.575,-2.351
1257.58,-2.348
1257.585,-2.3460002
1257.59,-2.351
1257.595,-2.365
1257.6,-2.3850002
1257.605,-2.403
1257.61,-2.4150002
1257.615,-2.423
1257.62,-2.4310002
1257.625,-2.437
1257.63,-2.44
1257.635,-2.4390001
1257.64,-2.436
1257.645,-2.4310002
1257.65,-2.424
1257.655,-2.4150002
1257.6599,-2.407
1257.6649,-2.398
1257.6699,-2.3860002
1257.6749,-2.3700001
1257.6799,-2.355
1257.6849,-2.3430002
1257.69,-2.3360002
1257.695,-2.329
1257.7,-2.318
1257.705,-2.305
1257.71,-2.2910001
1257.715,-2.2800002
1257.72,-2.2710001
1257.725,-2.263
1257.73,-2.2540002
1257.735,-2.2450001
1257.74,-2.236
1257.745,-2.23
1257.75,-2.2280002
1257.755,-2.2280002
1257.76,-2.2240002
1257.765,-2.2120001
1257.77,-2.197
1257.775,-2.1820002
1257.78,-2.1660001
1257.7849,-2.148
1257.7899,-2.13
1257.7949,-2.1160002
1257.7999,-2.1090002
1257.8049,-2.107
1257.8099,-2.104
1257.815,-2.0990002
1257.82,-2.094
1257.825,-2.0900002
1257.83,-2.085
1257.835,-2.0760002
1257.84,-2.0630002
1257.845,-2.049
1257.85,-2.035
1257.855,-2.025
1257.86,-2.0170002
1257.865,-2.0080001
1257.87,-1.9990001
1257.875,-1.9900001
1257.88,-1.9810001
1257.885,-1.9710001
1257.89,-1.9640001
1257.895,-1.9530001
1257.9,-1.9120001
1257.905,-1.8000001
1257.9099,-1.6150001
1257.9149,-1.4440001
1257.9199,-1.4310001
1257.9249,-1.6430001
1257.9299,-1.9790001
1257.9349,-2.2280002
1257.94,-2.2540002
1257.945,-2.1060002
1257.95,-1.9420002
1257.955,-1.866
1257.96,-1.8590001
1257.965,-1.8500001
1257.97,-1.8190001
1257.975,-1.792
1257.98,-1.7880001
1257.985,-1.7880001
1257.99,-1.7730001
1257.995,-1.7530001
1258.0,-1.7440001
1258.005,-1.7450001
1258.01,-1.7360001
1258.015,-1.7140001
1258.02,-1.69
1258.025,-1.677
1258.03,-1.6710001
1258.0349,-1.6630001
1258.0399,-1.6480001
1258.0449,-1.631
1258.0499,-1.616
1258.0549,-1.6010001
1258.0599,-1.585
1258.065,-1.5660001
1258.07,-1.5410001
1258.075,-1.5100001
1258.08,-1.4790001
1258.085,-1.4510001
1258.09,-1.4280001
1258.095,-1.4070001
1258.1,-1.386
1258.105,-1.3690001
1258.11,-1.358
1258.115,-1.3540001
1258.12,-1.3540001
1258.125,-1.355
1258.13,-1.36
1258.135,-1.3740001
1258.14,-1.394
1258.145,-1.417
1258.15,-1.4360001
1258.155,-1.4490001
1258.1599,-1.4580001
1258.1649,-1.468
1258.1699,-1.478
1258.1749,-1.485
1258.1799,-1.4890001
1258.1849,-1.491
1258.19,-1.491
1258.195,-1.491
1258.2,-1.4900001
1258.205,-1.488
1258.21,-1.4820001
1258.215,-1.4740001
1258.22,-1.4640001
1258.225,-1.457
1258.23,-1.4560001
1258.235,-1.4590001
1258.24,-1.4580001
1258.245,-1.4510001
1258.25,-1.4430001
1258.255,-1.437
1258.26,-1.4350001
1258.265,-1.4310001
1258.27,-1.4210001
1258.275,-1.409
1258.28,-1.4020001
1258.2849,-1.4000001
1258.2899,-1.3980001
1258.2949,-1.3920001
1258.2999,-1.3850001
1258.3049,-1.3820001
1258.3099,-1.386
1258.315,-1.393
1258.32,-1.3950001
1258.325,-1.3900001
1258.33,-1.3820001
1258.335,-1.373
1258.34,-1.363
1258.345,-1.3520001
1258.35,-1.3440001
1258.355,-1.3410001
1258.36,-1.3410001
1258.365,-1.3390001
1258.37,-1.3360001
1258.375,-1.3330001
1258.38,-1.3330001
1258.385,-1.3360001
1258.39,-1.34
1258.395,-1.345
1258.4,-1.3460001
1258.405,-1.343
1258.4099,-1.338
1258.4149,-1.335
1258.4199,-1.335
1258.4249,-1.335
1258.4299,-1.33
1258.4349,-1.3230001
1258.44,-1.3210001
1258.445,-1.3260001
1258.45,-1.332
1258.455,-1.3210001
1258.46,-1.2600001
1258.465,-1.126
1258.47,-0.952
1258.475,-0.84400004
1258.48,-0.91800004
1258.485,-1.1800001
1258.49,-1.491
1258.495,-1.6650001
1258.5,-1.6300001
1258.505,-1.4770001
1258.51,-1.3470001
1258.515,-1.3010001
1258.52,-1.299
1258.525,-1.2880001
1258.53,-1.2650001
1258.5349,-1.2550001
1258.5399,-1.264
1258.5449,-1.2700001
1258.5499,-1.2600001
1258.5549,-1.245
1258.5599,-1.241
1258.565,-1.248
1258.57,-1.256
1258.575,-1.256
1258.58,-1.2540001
1258.585,-1.2520001
1258.59,-1.2520001
1258.595,-1.25
1258.6,-1.2470001
1258.605,-1.2440001
1258.61,-1.24
1258.615,-1.2360001
1258.62,-1.2340001
1258.625,-1.233
1258.63,-1.2310001
1258.635,-1.2260001
1258.64,-1.2160001
1258.645,-1.202
1258.65,-1.184
1258.655,-1.1630001
1258.6599,-1.144
1258.6649,-1.1320001
1258.6699,-1.125
1258.6749,-1.1220001
1258.6799,-1.1190001
1258.6849,-1.1220001
1258.69,-1.133
1258.695,-1.154
1258.7,-1.176
1258.705,-1.192
1258.71,-1.2010001
1258.715,-1.2090001
1258.72,-1.2190001
1258.725,-1.2270001
1258.73,-1.2270001
1258.735,-1.2210001
1258.74,-1.222
1258.745,-1.2290001
1258.75,-1.233
1258.755,-1.22
1258.76,-1.197
1258.765,-1.1830001
1258.77,-1.1860001
1258.775,-1.194
1258.78,-1.1930001
1258.7849,-1.1860001
1258.7899,-1.1880001
1258.7949,-1.205
1258.7999,-1.22
1258.8049,-1.218
1258.8099,-1.205
1258.815,-1.2
1258.82,-1.212
1258.825,-1.2290001
1258.83,-1.2390001
1258.835,-1.2420001
1258.84,-1.246
1258.845,-1.2540001
1258.85,-1.258
1258.855,-1.2570001
1258.86,-1.2590001
1258.865,-1.2720001
1258.87,-1.291
1258.875,-1.3060001
1258.88,-1.3110001
1258.885,-1.3080001
1258.89,-1.3030001
1258.895,-1.299
1258.9,-1.2950001
1258.905,-1.294
1258.9099,-1.297
1258.9149,-1.3030001
1258.9199,-1.312
1258.9249,-1.322
1258.9299,-1.332
1258.9349,-1.3410001
1258.94,-1.348
1258.945,-1.3540001
1258.95,-1.363
1258.955,-1.3720001
1258.96,-1.3800001
1258.965,-1.386
1258.97,-1.391
1258.975,-1.3980001
1258.98,-1.4030001
1258.985,-1.404
1258.99,-1.401
1258.995,-1.3980001
1259.0,-1.396
1259.005,-1.4000001
1259.01,-1.4030001
1259.015,-1.373
1259.02,-1.2650001
1259.025,-1.0760001
1259.03,-0.89900005
1259.0349,-0.88000005
1259.0399,-1.0890001
1259.0449,-1.424
1259.0499,-1.6760001
1259.0549,-1.7140001
1259.0599,-1.5870001
1259.065,-1.4490001
1259.07,-1.3950001
1259.075,-1.401
1259.08,-1.3970001
1259.085,-1.3670001
1259.09,-1.345
1259.095,-1.3510001
1259.1,-1.3620001
1259.105,-1.3540001
1259.11,-1.3330001
1259.115,-1.3180001
1259.12,-1.3160001
1259.125,-1.315
1259.13,-1.309
1259.135,-1.3030001
1259.14,-1.3000001
1259.145,-1.297
1259.15,-1.2880001
1259.155,-1.2770001
1259.1599,-1.268
1259.1649,-1.261
1259.1699,-1.2520001
1259.1749,-1.2390001
1259.1799,-1.222
1259.1849,-1.205
1259.19,-1.187
1259.195,-1.167
1259.2,-1.1470001
1259.205,-1.1240001
1259.21,-1.1
1259.215,-1.077
1259.22,-1.0630001
1259.225,-1.0580001
1259.23,-1.0600001
1259.235,-1.065
1259.24,-1.074
1259.245,-1.09
1259.25,-1.1120001
1259.255,-1.1340001
1259.26,-1.1520001
1259.265,-1.1700001
1259.27,-1.189
1259.275,-1.207
1259.28,-1.22
1259.2849,-1.233
1259.2899,-1.2490001
1259.2949,-1.268
1259.2999,-1.2820001
1259.3049,-1.2870001
1259.3099,-1.286
1259.315,-1.286
1259.32,-1.291
1259.325,-1.296
1259.33,-1.2980001
1259.335,-1.296
1259.34,-1.296
1259.345,-1.3010001
1259.35,-1.3080001
1259.355,-1.3130001
1259.36,-1.312
1259.365,-1.309
1259.37,-1.3100001
1259.375,-1.3160001
1259.38,-1.322
1259.385,-1.3230001
1259.39,-1.322
1259.395,-1.3230001
1259.4,-1.3290001
1259.405,-1.3330001
1259.4099,-1.335
1259.4149,-1.335
1259.4199,-1.34
1259.4249,-1.3490001
1259.4299,-1.355
1259.4349,-1.3560001
1259.44,-1.3560001
1259.445,-1.36
1259.45,-1.366
1259.455,-1.3690001
1259.46,-1.3670001
1259.465,-1.3640001
1259.47,-1.3670001
1259.475,-1.376
1259.48,-1.386
1259.485,-1.393
1259.49,-1.399
1259.495,-1.4130001
1259.5,-1.4350001
1259.505,-1.4590001
1259.51,-1.478
1259.515,-1.4890001
1259.52,-1.4990001
1259.525,-1.511
1259.53,-1.526
1259.5349,-1.5400001
1259.5399,-1.5530001
1259.5449,-1.5630001
1259.5499,-1.572
1259.5549,-1.5810001
1259.5599,-1.5890001
1259.565,-1.5970001
1259.57,-1.6040001
1259.575,-1.608
1259.58,-1.5910001
1259.585,-1.5200001
1259.59,-1.3820001
1259.595,-1.2370001
1259.6,-1.2040001
1259.605,-1.366
1259.61,-1.6660001
1259.615,-1.9310001
1259.62,-2.015
1259.625,-1.9230001
1259.63,-1.779
1259.635,-1.6960001
1259.64,-1.6810001
1259.645,-1.682
1259.65,-1.6680001
1259.655,-1.6560001
1259.6599,-1.6600001
1259.6649,-1.669
1259.6699,-1.664
1259.6749,-1.6500001
1259.6799,-1.6430001
1259.6849,-1.644
1259.69,-1.6430001
1259.695,-1.6330001
1259.7,-1.6250001
1259.705,-1.6270001
1259.71,-1.6340001
1259.715,-1.6350001
1259.72,-1.628
1259.725,-1.621
1259.73,-1.6170001
1259.735,-1.6140001
1259.74,-1.608
1259.745,-1.6010001
1259.75,-1.593
1259.755,-1.5840001
1259.76,-1.5730001
1259.765,-1.5610001
1259.77,-1.5460001
1259.775,-1.5320001
1259.78,-1.5220001
1259.7849,-1.519
1259.7899,-1.5230001
1259.7949,-1.5300001
1259.7999,-1.5350001
1259.8049,-1.5410001
1259.8099,-1.5530001
1259.815,-1.575
1259.82,-1.605
1259.825,-1.6380001
1259.83,-1.6680001
1259.835,-1.695
1259.84,-1.7220001
1259.845,-1.748
1259.85,-1.769
1259.855,-1.7830001
1259.86,-1.7960001
1259.865,-1.8090001
1259.87,-1.8240001
1259.875,-1.838
1259.88,-1.8500001
1259.885,-1.8620001
1259.89,-1.8740001
1259.895,-1.8830001
1259.9,-1.8870001
1259.905,-1.8880001
1259.9099,-1.8880001
1259.9149,-1.889
1259.9199,-1.8880001
1259.9249,-1.8870001
1259.9299,-1.8850001
1259.9349,-1.8870001
1259.94,-1.8900001
1259.945,-1.8920001
1259.95,-1.894
1259.955,-1.8970001
1259.96,-1.9030001
1259.965,-1.9080001
1259.97,-1.909
1259.975,-1.9060001
1259.98,-1.904
1259.985,-1.909
1259.99,-1.9210001
1259.995,-1.932
1260.0,-1.9330001
1260.005,-1.9210001
1260.01,-1.9030001
1260.015,-1.889
1260.02,-1.8820001
1260.025,-1.8790001
1260.03,-1.876
1260.0349,-1.8730001
1260.0399,-1.8730001
1260.0449,-1.8730001
1260.0499,-1.8740001
1260.0549,-1.8740001
1260.0599,-1.8750001
1260.065,-1.8730001
1260.07,-1.863
1260.075,-1.8460001
1260.08,-1.83
1260.085,-1.8310001
1260.09,-1.8490001
1260.095,-1.8690001
1260.1,-1.876
1260.105,-1.868
1260.11,-1.8520001
1260.115,-1.8390001
1260.12,-1.8280001
1260.125,-1.825
1260.13,-1.82
1260.135,-1.7810001
1260.14,-1.6660001
1260.145,-1.4890001
1260.15,-1.358
1260.155,-1.406
1260.1599,-1.6570001
1260.1649,-1.9700001
1260.1699,-2.154
1260.1749,-2.13
1260.1799,-1.9860001
1260.1849,-1.8600001
1260.19,-1.8110001
1260.195,-1.802
1260.2,-1.7860001
1260.205,-1.7600001
1260.21,-1.7470001
1260.215,-1.748
1260.22,-1.7470001
1260.225,-1.7350001
1260.23,-1.723
1260.235,-1.7190001
1260.24,-1.72
1260.245,-1.718
1260.25,-1.71
1260.255,-1.697
1260.26,-1.6840001
1260.265,-1.6760001
1260.27,-1.6730001
1260.275,-1.6750001
1260.28,-1.674
1260.2849,-1.669
1260.2899,-1.6620001
1260.2949,-1.6560001
1260.2999,-1.6480001
1260.3049,-1.6350001
1260.3099,-1.6150001
1260.315,-1.593
1260.32,-1.5710001
1260.325,-1.549
1260.33,-1.534
1260.335,-1.5320001
1260.34,-1.5450001
1260.345,-1.5610001
1260.35,-1.5680001
1260.355,-1.5690001
1260.36,-1.5780001
1260.365,-1.6020001
1260.37,-1.639
1260.375,-1.6750001
1260.38,-1.7090001
1260.385,-1.741
1260.39,-1.769
1260.395,-1.7880001
1260.4,-1.7980001
1260.405,-1.8080001
1260.4099,-1.8290001
1260.4149,-1.853
1260.4199,-1.8650001
1260.4249,-1.8570001
1260.4299,-1.838
1260.4349,-1.8210001
1260.44,-1.8090001
1260.445,-1.797
1260.45,-1.7850001
1260.455,-1.7760001
1260.46,-1.771
1260.465,-1.7620001
1260.47,-1.7470001
1260.475,-1.733
1260.48,-1.7270001
1260.485,-1.7260001
1260.49,-1.7220001
1260.495,-1.7120001
1260.5,-1.705
1260.505,-1.7080001
1260.51,-1.715
1260.515,-1.715
1260.52,-1.7080001
1260.525,-1.7040001
1260.53,-1.7090001
1260.5349,-1.7190001
1260.5399,-1.7270001
1260.5449,-1.728
1260.5499,-1.723
1260.5549,-1.7190001
1260.5599,-1.715
1260.565,-1.71
1260.57,-1.7
1260.575,-1.6880001
1260.58,-1.6780001
1260.585,-1.6760001
1260.59,-1.6830001
1260.595,-1.6930001
1260.6,-1.7030001
1260.605,-1.7090001
1260.61,-1.7140001
1260.615,-1.7210001
1260.62,-1.7270001
1260.625,-1.7310001
1260.63,-1.7310001
1260.635,-1.7320001
1260.64,-1.7320001
1260.645,-1.728
1260.65,-1.718
1260.655,-1.705
1260.6599,-1.7010001
1260.6649,-1.7080001
1260.6699,-1.7210001
1260.6749,-1.7260001
1260.6799,-1.7110001
1260.6849,-1.6570001
1260.69,-1.544
1260.695,-1.383
1260.7,-1.253
1260.705,-1.276
1260.71,-1.5020001
1260.715,-1.8310001
1260.72,-2.071
1260.725,-2.1000001
1260.73,-1.9640001
1260.735,-1.815
1260.74,-1.7520001
1260.745,-1.7580001
1260.75,-1.764
1260.755,-1.7490001
1260.76,-1.7390001
1260.765,-1.7540001
1260.77,-1.779
1260.775,-1.7910001
1260.78,-1.7930001
1260.7849,-1.7980001
1260.7899,-1.807
1260.7949,-1.8110001
1260.7999,-1.8100001
1260.8049,-1.8190001
1260.8099,-1.84
1260.815,-1.8600001
1260.82,-1.8670001
1260.825,-1.868
1260.83,-1.876
1260.835,-1.8870001
1260.84,-1.8830001
1260.845,-1.858
1260.85,-1.8270001
1260.855,-1.8110001
1260.86,-1.8080001
1260.865,-1.794
1260.87,-1.7550001
1260.875,-1.7070001
1260.88,-1.6750001
1260.885,-1.6630001
1260.89,-1.6450001
1260.895,-1.6020001
1260.9,-1.5510001
1260.905,-1.531
1260.9099,-1.5560001
1260.9149,-1.5960001
1260.9199,-1.616
1260.9249,-1.6140001
1260.9299,-1.6150001
1260.9349,-1.6320001
1260.94,-1.646
1260.945,-1.639
1260.95,-1.6220001
1260.955,-1.623
1260.96,-1.6430001
1260.965,-1.659
1260.97,-1.6520001
1260.975,-1.636
1260.98,-1.6340001
1260.985,-1.6480001
1260.99,-1.6550001
1260.995,-1.644
1261.0,-1.6300001
1261.005,-1.6330001
1261.01,-1.651
1261.015,-1.6660001
1261.02,-1.6650001
1261.025,-1.6580001
1261.03,-1.6580001
1261.0349,-1.6710001
1261.0399,-1.687
1261.0449,-1.6980001
1261.0499,-1.7040001
1261.0549,-1.7080001
1261.0599,-1.715
1261.065,-1.725
1261.07,-1.7370001
1261.075,-1.7470001
1261.08,-1.751
1261.085,-1.751
1261.09,-1.751
1261.095,-1.756
1261.1,-1.764
1261.105,-1.7680001
1261.11,-1.7650001
1261.115,-1.7620001
1261.12,-1.769
1261.125,-1.784
1261.13,-1.7990001
1261.135,-1.8040001
1261.14,-1.8030001
1261.145,-1.8040001
1261.15,-1.8140001
1261.155,-1.8270001
1261.1599,-1.838
1261.1649,-1.8470001
1261.1699,-1.8560001
1261.1749,-1.8670001
1261.1799,-1.871
1261.1849,-1.8650001
1261.19,-1.8550001
1261.195,-1.8500001
1261.2,-1.8500001
1261.205,-1.8500001
1261.21,-1.845
1261.215,-1.8270001
1261.22,-1.7650001
1261.225,-1.6290001
1261.23,-1.447
1261.235,-1.335
1261.24,-1.4200001
1261.245,-1.71
1261.25,-2.045
1261.255,-2.2240002
1261.26,-2.177
1261.265,-2.0080001
1261.27,-1.871
1261.275,-1.8240001
1261.28,-1.82
1261.2849,-1.8000001
1261.2899,-1.766
1261.2949,-1.7490001
1261.2999,-1.7530001
1261.3049,-1.7530001
1261.3099,-1.7350001
1261.315,-1.715
1261.32,-1.7090001
1261.325,-1.713
1261.33,-1.713
1261.335,-1.7060001
1261.34,-1.7040001
1261.345,-1.7080001
1261.35,-1.7070001
1261.355,-1.6910001
1261.36,-1.6710001
1261.365,-1.6630001
1261.37,-1.669
1261.375,-1.672
1261.38,-1.659
1261.385,-1.6380001
1261.39,-1.6190001
1261.395,-1.6060001
1261.4,-1.5910001
1261.405,-1.5710001
1261.4099,-1.5500001
1261.4149,-1.5350001
1261.4199,-1.524
1261.4249,-1.5130001
1261.4299,-1.5040001
1261.4349,-1.5020001
1261.44,-1.5070001
1261.445,-1.516
1261.45,-1.5300001
1261.455,-1.552
1261.46,-1.582
1261.465,-1.608
1261.47,-1.621
1261.475,-1.623
1261.48,-1.626
1261.485,-1.636
1261.49,-1.6470001
1261.495,-1.649
1261.5,-1.6400001
1261.505,-1.631
1261.51,-1.6300001
1261.515,-1.6340001
1261.52,-1.636
1261.525,-1.6350001
1261.53,-1.6320001
1261.5349,-1.628
1261.5399,-1.621
1261.5449,-1.608
1261.5499,-1.5960001
1261.5549,-1.593
1261.5599,-1.598
1261.565,-1.6060001
1261.57,-1.6060001
1261.575,-1.5970001
1261.58,-1.585
1261.585,-1.575
1261.59,-1.5730001
1261.595,-1.5780001
1261.6,-1.585
1261.605,-1.59
1261.61,-1.59
1261.615,-1.5870001
1261.62,-1.585
1261.625,-1.5840001
1261.63,-1.5790001
1261.635,-1.5710001
1261.64,-1.5630001
1261.645,-1.562
1261.65,-1.567
1261.655,-1.5740001
1261.6599,-1.5760001
1261.6649,-1.5760001
1261.6699,-1.5790001
1261.6749,-1.5860001
1261.6799,-1.595
1261.6849,-1.6
1261.69,-1.6
1261.695,-1.598
1261.7,-1.598
1261.705,-1.6010001
1261.71,-1.6040001
1261.715,-1.605
1261.72,-1.608
1261.725,-1.613
1261.73,-1.618
1261.735,-1.6190001
1261.74,-1.603
1261.745,-1.539
1261.75,-1.4030001
1261.755,-1.2260001
1261.76,-1.1190001
1261.765,-1.207
1261.77,-1.4990001
1261.775,-1.8410001
1261.78,-2.033
1261.7849,-1.996
1261.7899,-1.8330001
1261.7949,-1.7
1261.7999,-1.6600001
1261.8049,-1.664
1261.8099,-1.6530001
1261.815,-1.628
1261.82,-1.618
1261.825,-1.626
1261.83,-1.6290001
1261.835,-1.6150001
1261.84,-1.6
1261.845,-1.598
1261.85,-1.603
1261.855,-1.6
1261.86,-1.588
1261.865,-1.5810001
1261.87,-1.58
1261.875,-1.5780001
1261.88,-1.5680001
1261.885,-1.5550001
1261.89,-1.5430001
1261.895,-1.536
1261.9,-1.529
1261.905,-1.519
1261.9099,-1.5050001
1261.9149,-1.4870001
1261.9199,-1.468
1261.9249,-1.4460001
1261.9299,-1.4230001
1261.9349,-1.3980001
1261.94,-1.3740001
1261.945,-1.3560001
1261.95,-1.348
1261.955,-1.3510001
1261.96,-1.3590001
1261.965,-1.3700001
1261.97,-1.383
1261.975,-1.401
1261.98,-1.429
1261.985,-1.465
1261.99,-1.501
1261.995,-1.5320001
1262.0,-1.5560001
1262.005,-1.5780001
1262.01,-1.6010001
1262.015,-1.623
1262.02,-1.6380001
1262.025,-1.646
1262.03,-1.6530001
1262.0349,-1.6620001
1262.0399,-1.6730001
1262.0449,-1.6840001
1262.0499,-1.695
1262.0549,-1.702
1262.0599,-1.7060001
1262.065,-1.7070001
1262.07,-1.7080001
1262.075,-1.7110001
1262.08,-1.713
1262.085,-1.71
1262.09,-1.7040001
1262.095,-1.7010001
1262.1,-1.705
1262.105,-1.7120001
1262.11,-1.71
1262.115,-1.6980001
1262.12,-1.6850001
1262.125,-1.682
1262.13,-1.69
1262.135,-1.695
1262.14,-1.6880001
1262.145,-1.6730001
1262.15,-1.6580001
1262.155,-1.6480001
1262.1599,-1.641
1262.1649,-1.6330001
1262.1699,-1.626
1262.1749,-1.6240001
1262.1799,-1.6270001
1262.1849,-1.631
1262.19,-1.6320001
1262.195,-1.6320001
1262.2,-1.6330001
1262.205,-1.6350001
1262.21,-1.6340001
1262.215,-1.6300001
1262.22,-1.626
1262.225,-1.6250001
1262.23,-1.6250001
1262.235,-1.618
1262.24,-1.605
1262.245,-1.595
1262.25,-1.5920001
1262.255,-1.5920001
1262.26,-1.588
1262.265,-1.5780001
1262.27,-1.5530001
1262.275,-1.4790001
1262.28,-1.327
1262.2849,-1.1320001
1262.2899,-1.0270001
1262.2949,-1.139
1262.2999,-1.4540001
1262.3049,-1.789
1262.3099,-1.9410001
1262.315,-1.8650001
1262.32,-1.6910001
1262.325,-1.5710001
1262.33,-1.5400001
1262.335,-1.539
1262.34,-1.5180001
1262.345,-1.4900001
1262.35,-1.4870001
1262.355,-1.5000001
1262.36,-1.5020001
1262.365,-1.4870001
1262.37,-1.47
1262.375,-1.463
1262.38,-1.4580001
1262.385,-1.447
1262.39,-1.4380001
1262.395,-1.439
1262.4,-1.447
1262.405,-1.45
1262.4099,-1.4440001
1262.4149,-1.4350001
1262.4199,-1.4300001
1262.4249,-1.427
1262.4299,-1.4210001
1262.4349,-1.409
1262.44,-1.394
1262.445,-1.376
1262.45,-1.3540001
1262.455,-1.33
1262.46,-1.3050001
1262.465,-1.284
1262.47,-1.268
1262.475,-1.258
1262.48,-1.251
1262.485,-1.2490001
1262.49,-1.2550001
1262.495,-1.269
1262.5,-1.2880001
1262.505,-1.307
1262.51,-1.3230001
1262.515,-1.342
1262.52,-1.368
1262.525,-1.3980001
1262.53,-1.424
1262.5349,-1.442
1262.5399,-1.455
1262.5449,-1.4660001
1262.5499,-1.4790001
1262.5549,-1.493
1262.5599,-1.5040001
1262.565,-1.5130001
1262.57,-1.519
1262.575,-1.524
1262.58,-1.529
1262.585,-1.5330001
1262.59,-1.536
1262.595,-1.536
1262.6,-1.536
1262.605,-1.536
1262.61,-1.5370001
1262.615,-1.536
1262.62,-1.5350001
1262.625,-1.5350001
1262.63,-1.536
1262.635,-1.536
1262.64,-1.534
1262.645,-1.5320001
1262.65,-1.5330001
1262.655,-1.536
1262.6599,-1.5400001
1262.6649,-1.5430001
1262.6699,-1.547
1262.6749,-1.552
1262.6799,-1.5560001
1262.6849,-1.5550001
1262.69,-1.5480001
1262.695,-1.536
1262.7,-1.5230001
1262.705,-1.516
1262.71,-1.5180001
1262.715,-1.524
1262.72,-1.5280001
1262.725,-1.5280001
1262.73,-1.529
1262.735,-1.5330001
1262.74,-1.5400001
1262.745,-1.547
1262.75,-1.552
1262.755,-1.554
1262.76,-1.5550001
1262.765,-1.5550001
1262.77,-1.557
1262.775,-1.5600001
1262.78,-1.5600001
1262.7849,-1.5550001
1262.7899,-1.5500001
1262.7949,-1.549
1262.7999,-1.5510001
1262.8049,-1.554
1262.8099,-1.5480001
1262.815,-1.5120001
1262.82,-1.4150001
1262.825,-1.258
1262.83,-1.118
1262.835,-1.12
1262.84,-1.325
1262.845,-1.6430001
1262.85,-1.8830001
1262.855,-1.922
1262.86,-1.797
1262.865,-1.6500001
1262.87,-1.5760001
1262.875,-1.565
1262.88,-1.562
1262.885,-1.5480001
1262.89,-1.542
1262.895,-1.552
1262.9,-1.5600001
1262.905,-1.5530001
1262.9099,-1.5380001
1262.9149,-1.5300001
1262.9199,-1.5280001
1262.9249,-1.521
1262.9299,-1.508
1262.9349,-1.5000001
1262.94,-1.5000001
1262.945,-1.5000001
1262.95,-1.491
1262.955,-1.478
1262.96,-1.4660001
1262.965,-1.4560001
1262.97,-1.4440001
1262.975,-1.4280001
1262.98,-1.4100001
1262.985,-1.3920001
1262.99,-1.371
1262.995,-1.348
1263.0,-1.3230001
1263.005,-1.3000001
1263.01,-1.279
1263.015,-1.258
1263.02,-1.2370001
1263.025,-1.222
1263.03,-1.215
1263.0349,-1.2140001
1263.0399,-1.2160001
1263.0449,-1.22
1263.0499,-1.23
1263.0549,-1.2470001
1263.0599,-1.269
1263.065,-1.286
1263.07,-1.2980001
1263.075,-1.309
1263.08,-1.3240001
1263.085,-1.3390001
1263.09,-1.348
1263.095,-1.35
1263.1,-1.3490001
1263.105,-1.348
1263.11,-1.345
1263.115,-1.338
1263.12,-1.3290001
1263.125,-1.3230001
1263.13,-1.3210001
1263.135,-1.3180001
1263.14,-1.309
1263.145,-1.3000001
1263.15,-1.291
1263.155,-1.2830001
1263.1599,-1.273
1263.1649,-1.2620001
1263.1699,-1.256
1263.1749,-1.2520001
1263.1799,-1.246
1263.1849,-1.235
1263.19,-1.2240001
1263.195,-1.217
1263.2,-1.215
1263.205,-1.212
1263.21,-1.2080001
1263.215,-1.21
1263.22,-1.218
1263.225,-1.2260001
1263.23,-1.2260001
1263.235,-1.217
1263.24,-1.2080001
1263.245,-1.2080001
1263.25,-1.2140001
1263.255,-1.22
1263.26,-1.223
1263.265,-1.228
1263.27,-1.24
1263.275,-1.256
1263.28,-1.268
1263.2849,-1.2770001
1263.2899,-1.2880001
1263.2949,-1.304
1263.2999,-1.3210001
1263.3049,-1.3330001
1263.3099,-1.3390001
1263.315,-1.348
1263.32,-1.3620001
1263.325,-1.3790001
1263.33,-1.3950001
1263.335,-1.409
1263.34,-1.424
1263.345,-1.4360001
1263.35,-1.4440001
1263.355,-1.4510001
1263.36,-1.4490001
1263.365,-1.4020001
1263.37,-1.2830001
1263.375,-1.126
1263.38,-1.054
1263.385,-1.182
1263.39,-1.493
1263.395,-1.82
1263.4,-1.9790001
1263.405,-1.9250001
1263.4099,-1.7760001
1263.4149,-1.672
1263.4199,-1.6550001
1263.4249,-1.6710001
1263.4299,-1.6700001
1263.4349,-1.6560001
1263.44,-1.6570001
1263.445,-1.677
1263.45,-1.6960001
1263.455,-1.7040001
1263.46,-1.7090001
1263.465,-1.7210001
1263.47,-1.733
1263.475,-1.7400001
1263.48,-1.7470001
1263.485,-1.761
1263.49,-1.7800001
1263.495,-1.7930001
1263.5,-1.7960001
1263.505,-1.7950001
1263.51,-1.8010001
1263.515,-1.8140001
1263.52,-1.8240001
1263.525,-1.8240001
1263.53,-1.817
1263.5349,-1.8080001
1263.5399,-1.8010001
1263.5449,-1.7910001
1263.5499,-1.774
1263.5549,-1.7530001
1263.5599,-1.738
1263.565,-1.7350001
1263.57,-1.7390001
1263.575,-1.7420001
1263.58,-1.7390001
1263.585,-1.733
1263.59,-1.7350001
1263.595,-1.751
1263.6,-1.7780001
1263.605,-1.8080001
1263.61,-1.8330001
1263.615,-1.853
1263.62,-1.8700001
1263.625,-1.886
1263.63,-1.8980001
1263.635,-1.9070001
1263.64,-1.9130001
1263.645,-1.9190001
1263.65,-1.922
1263.655,-1.9210001
1263.6599,-1.9160001
1263.6649,-1.9130001
1263.6699,-1.914
1263.6749,-1.9180001
1263.6799,-1.9200001
1263.6849,-1.917
1263.69,-1.9120001
1263.695,-1.9070001
1263.7,-1.9010001
1263.705,-1.8950001
1263.71,-1.8900001
1263.715,-1.886
1263.72,-1.8790001
1263.725,-1.868
1263.73,-1.858
1263.735,-1.8540001
1263.74,-1.858
1263.745,-1.8610001
1263.75,-1.8600001
1263.755,-1.853
1263.76,-1.8440001
1263.765,-1.835
1263.77,-1.8240001
1263.775,-1.815
1263.78,-1.8090001
1263.7849,-1.8050001
1263.7899,-1.7990001
1263.7949,-1.7900001
1263.7999,-1.7810001
1263.8049,-1.7760001
1263.8099,-1.7750001
1263.815,-1.7760001
1263.82,-1.779
1263.825,-1.7800001
1263.83,-1.774
1263.835,-1.7620001
1263.84,-1.751
1263.845,-1.7490001
1263.85,-1.751
1263.855,-1.7450001
1263.86,-1.7300001
1263.865,-1.7190001
1263.87,-1.72
1263.875,-1.7240001
1263.88,-1.7190001
1263.885,-1.7070001
1263.89,-1.6850001
1263.895,-1.618
1263.9,-1.463
1263.905,-1.251
1263.9099,-1.128
1263.9149,-1.246
1263.9199,-1.593
1263.9249,-1.9650002
1263.9299,-2.1290002
1263.9349,-2.035
1263.94,-1.83
1263.945,-1.692
1263.95,-1.664
1263.955,-1.6710001
1263.96,-1.6450001
1263.965,-1.5990001
1263.97,-1.5730001
1263.975,-1.575
1263.98,-1.577
1263.985,-1.5600001
1263.99,-1.5350001
1263.995,-1.5130001
1264.0,-1.4990001
1264.005,-1.488
1264.01,-1.478
1264.015,-1.4690001
1264.02,-1.4580001
1264.025,-1.4430001
1264.03,-1.4260001
1264.0349,-1.409
1264.0399,-1.3900001
1264.0449,-1.3640001
1264.0499,-1.338
1264.0549,-1.32
1264.0599,-1.3080001
1264.065,-1.289
1264.07,-1.2550001
1264.075,-1.21
1264.08,-1.169
1264.085,-1.141
1264.09,-1.1220001
1264.095,-1.102
1264.1,-1.0780001
1264.105,-1.057
1264.11,-1.0430001
1264.115,-1.039
1264.12,-1.044
1264.125,-1.0550001
1264.13,-1.07
1264.135,-1.082
1264.14,-1.09
1264.145,-1.0960001
1264.15,-1.1090001
1264.155,-1.126
1264.1599,-1.138
1264.1649,-1.133
1264.1699,-1.115
1264.1749,-1.097
1264.1799,-1.087
1264.1849,-1.08
1264.19,-1.07
1264.195,-1.059
1264.2,-1.0550001
1264.205,-1.054
1264.21,-1.0430001
1264.215,-1.021
1264.22,-0.99600005
1264.225,-0.98300004
1264.23,-0.97800004
1264.235,-0.966
1264.24,-0.94600004
1264.245,-0.92600006
1264.25,-0.91300005
1264.255,-0.90200007
1264.26,-0.88500005
1264.265,-0.869
1264.27,-0.86300004
1264.275,-0.86600006
1264.28,-0.86500007
1264.2849,-0.84900004
1264.2899,-0.82600003
1264.2949,-0.81100005
1264.2999,-0.80700004
1264.3049,-0.80100006
1264.3099,-0.78700006
1264.315,-0.772
1264.32,-0.768
1264.325,-0.77300006
1264.33,-0.77300006
1264.335,-0.75900006
1264.34,-0.73600006
1264.345,-0.72300005
1264.35,-0.72800004
1264.355,-0.744
1264.36,-0.75000006
1264.365,-0.735
1264.37,-0.708
1264.375,-0.689
1264.38,-0.688
1264.385,-0.69900006
1264.39,-0.70500004
1264.395,-0.694
1264.4,-0.66700006
1264.405,-0.637
1264.4099,-0.62100005
1264.4149,-0.61200005
1264.4199,-0.565
1264.4249,-0.42700002
1264.4299,-0.21100001
1264.4349,-0.042000003
1264.44,-0.076000005
1264.445,-0.347
1264.45,-0.69900006
1264.455,-0.90300006
1264.46,-0.864
1264.465,-0.683
1264.47,-0.532
1264.475,-0.483
1264.48,-0.485
1264.485,-0.46800002
1264.49,-0.42700002
1264.495,-0.397
1264.5,-0.39000002
1264.505,-0.38300002
1264.51,-0.365
1264.515,-0.34500003
1264.52,-0.335
1264.525,-0.326
1264.53,-0.30800003
1264.5349,-0.28500003
1264.5399,-0.27
1264.5449,-0.26500002
1264.5499,-0.257
1264.5549,-0.23900001
1264.5599,-0.216
1264.565,-0.19900002
1264.57,-0.186
1264.575,-0.17300001
1264.58,-0.15400001
1264.585,-0.12900001
1264.59,-0.102000006
1264.595,-0.07300001
1264.6,-0.043
1264.605,-0.012
1264.61,0.019000001
1264.615,0.048
1264.62,0.072000004
1264.625,0.089
1264.63,0.098000005
1264.635,0.105000004
1264.64,0.11000001
1264.645,0.109000005
1264.65,0.096
1264.655,0.072000004
1264.6599,0.046000004
1264.6649,0.025
1264.6699,0.008
1264.6749,-0.010000001
1264.6799,-0.030000001
1264.6849,-0.048
1264.69,-0.059000004
1264.695,-0.062000003
1264.7,-0.063
1264.705,-0.064
1264.71,-0.063
1264.715,-0.061000004
1264.72,-0.062000003
1264.725,-0.064
1264.73,-0.061000004
1264.735,-0.052
1264.74,-0.045
1264.745,-0.048
1264.75,-0.058000002
1264.755,-0.061000004
1264.76,-0.049000002
1264.765,-0.033
1264.77,-0.029000001
1264.775,-0.038000003
1264.78,-0.046000004
1264.7849,-0.040000003
1264.7899,-0.023000002
1264.7949,-0.011000001
1264.7999,-0.013
1264.8049,-0.028
1264.8099,-0.043
1264.815,-0.049000002
1264.82,-0.043
1264.825,-0.033
1264.83,-0.026
1264.835,-0.025
1264.84,-0.021000002
1264.845,-0.010000001
1264.85,0.006
1264.855,0.018000001
1264.86,0.017
1264.865,0.007
1264.87,-0.0050000004
1264.875,-0.012
1264.88,-0.015000001
1264.885,-0.016
1264.89,-0.017
1264.895,-0.017
1264.9,-0.020000001
1264.905,-0.026
1264.9099,-0.034
1264.9149,-0.035
1264.9199,-0.028
1264.9249,-0.019000001
1264.9299,-0.016
1264.9349,-0.018000001
1264.94,-0.019000001
1264.945,-0.011000001
1264.95,0.025
1264.955,0.12100001
1264.96,0.289
1264.965,0.47100002
1264.97,0.536
1264.975,0.38500002
1264.98,0.057000004
1264.985,-0.26200002
1264.99,-0.393
1264.995,-0.31100002
1265.0,-0.14600001
1265.005,-0.036000002
1265.01,-0.010000001
1265.015,-0.014
1265.02,-0.003
1265.025,0.013
1265.03,0.013
1265.0349,0.003
1265.0399,0.007
1265.0449,0.024
1265.0499,0.038000003
1265.0549,0.040000003
1265.0599,0.039
1265.065,0.041
1265.07,0.045
1265.075,0.047000002
1265.08,0.053000003
1265.085,0.065000005
1265.09,0.07700001
1265.095,0.081
1265.1,0.080000006
1265.105,0.086
1265.11,0.1
1265.115,0.11800001
1265.12,0.135
1265.125,0.15300001
1265.13,0.17500001
1265.135,0.19600001
1265.14,0.21300001
1265.145,0.22600001
1265.15,0.24200001
1265.155,0.263
1265.1599,0.28
1265.1649,0.287
1265.1699,0.28300002
1265.1749,0.27400002
1265.1799,0.266
1265.1849,0.25500003
1265.19,0.23600002
1265.195,0.21100001
1265.2,0.18300001
1265.205,0.16000001
1265.21,0.142
1265.215,0.127
1265.22,0.112
1265.225,0.095000006
1265.23,0.079
1265.235,0.065000005
1265.24,0.055000003
1265.245,0.048
1265.25,0.044000003
1265.255,0.041
1265.26,0.042000003
1265.265,0.047000002
1265.27,0.05
1265.275,0.048
1265.28,0.041
1265.2849,0.032
1265.2899,0.025
1265.2949,0.021000002
1265.2999,0.018000001
1265.3049,0.017
1265.3099,0.018000001
1265.315,0.019000001
1265.32,0.015000001
1265.325,0.007
1265.33,0.0
1265.335,-0.004
1265.34,-0.006
1265.345,-0.009000001
1265.35,-0.013
1265.355,-0.018000001
1265.36,-0.021000002
1265.365,-0.026
1265.37,-0.033
1265.375,-0.043
1265.38,-0.05
1265.385,-0.052
1265.39,-0.051000003
1265.395,-0.048
1265.4,-0.044000003
1265.405,-0.038000003
1265.4099,-0.034
1265.4149,-0.035
1265.4199,-0.040000003
1265.4249,-0.048
1265.4299,-0.056
1265.4349,-0.065000005
1265.44,-0.07700001
1265.445,-0.087000005
1265.45,-0.093
1265.455,-0.094000004
1265.46,-0.09900001
1265.465,-0.11000001
1265.47,-0.124000005
1265.475,-0.133
1265.48,-0.133
1265.485,-0.13000001
1265.49,-0.13100001
1265.495,-0.13700001
1265.5,-0.143
1265.505,-0.148
1265.51,-0.15100001
1265.515,-0.149
1265.52,-0.117000006
1265.525,-0.022000002
1265.53,0.13800001
1265.5349,0.289
1265.5399,0.307
1265.5449,0.120000005
1265.5499,-0.2
1265.5549,-0.47000003
1265.5599,-0.54700005
1265.565,-0.44300002
1265.57,-0.289
1265.575,-0.19500001
1265.58,-0.16700001
1265.585,-0.15300001
1265.59,-0.127
1265.595,-0.106000006
1265.6,-0.104
1265.605,-0.108
1265.61,-0.101
1265.615,-0.087000005
1265.62,-0.081
1265.625,-0.083000004
1265.63,-0.083000004
1265.635,-0.075
1265.64,-0.068
1265.645,-0.069000006
1265.65,-0.072000004
1265.655,-0.07
1265.6599,-0.062000003
1265.6649,-0.055000003
1265.6699,-0.049000002
1265.6749,-0.042000003
1265.6799,-0.032
1265.6849,-0.019000001
1265.69,-0.003
1265.695,0.015000001
1265.7,0.035
1265.705,0.053000003
1265.71,0.072000004
1265.715,0.094000004
1265.72,0.116000004
1265.725,0.135
1265.73,0.14600001
1265.735,0.149
1265.74,0.148
1265.745,0.14500001
1265.75,0.13800001
1265.755,0.125
1265.76,0.108
1265.765,0.08400001
1265.77,0.054
1265.775,0.020000001
1265.78,-0.013
1265.7849,-0.038000003
1265.7899,-0.057000004
1265.7949,-0.076000005
1265.7999,-0.097
1265.8049,-0.117000006
1265.8099,-0.133
1265.815,-0.147
1265.82,-0.15900001
1265.825,-0.16900001
1265.83,-0.177
1265.835,-0.18100001
1265.84,-0.18200001
1265.845,-0.185
1265.85,-0.187
1265.855,-0.19000001
1265.86,-0.19100001
1265.865,-0.19000001
1265.87,-0.187
1265.875,-0.18800001
1265.88,-0.192
1265.885,-0.19900002
1265.89,-0.20300001
1265.895,-0.20400001
1265.9,-0.20600002
1265.905,-0.21000001
1265.9099,-0.21400002
1265.9149,-0.215
1265.9199,-0.21200001
1265.9249,-0.209
1265.9299,-0.208
1265.9349,-0.21000001
1265.94,-0.216
1265.945,-0.224
1265.95,-0.23
1265.955,-0.23
1265.96,-0.22000001
1265.965,-0.20300001
1265.97,-0.185
1265.975,-0.172
1265.98,-0.16700001
1265.985,-0.16600001
1265.99,-0.16600001
1265.995,-0.164
1266.0,-0.162
1266.005,-0.162
1266.01,-0.162
1266.015,-0.163
1266.02,-0.164
1266.025,-0.164
1266.03,-0.16100001
1266.0349,-0.157
1266.0399,-0.15400001
1266.0449,-0.15200001
1266.0499,-0.15
1266.0549,-0.14600001
1266.0599,-0.13900001
1266.065,-0.134
1266.07,-0.132
1266.075,-0.13100001
1266.08,-0.124000005
1266.085,-0.091000006
1266.09,-0.003
1266.095,0.14
1266.1,0.27400002
1266.105,0.28800002
1266.11,0.115
1266.115,-0.179
1266.12,-0.42200002
1266.125,-0.48000002
1266.13,-0.367
1266.135,-0.21000001
1266.14,-0.116000004
1266.145,-0.094000004
1266.15,-0.08800001
1266.155,-0.07
1266.1599,-0.05
1266.1649,-0.046000004
1266.1699,-0.048
1266.1749,-0.040000003
1266.1799,-0.028
1266.1849,-0.023000002
1266.19,-0.024
1266.195,-0.019000001
1266.2,-0.007
1266.205,0.003
1266.21,0.0050000004
1266.215,0.008
1266.22,0.019000001
1266.225,0.035
1266.23,0.048
1266.235,0.059000004
1266.24,0.072000004
1266.245,0.086
1266.25,0.098000005
1266.255,0.108
1266.26,0.12200001
1266.265,0.148
1266.27,0.179
1266.275,0.20500001
1266.28,0.22500001
1266.2849,0.245
1266.2899,0.26700002
1266.2949,0.289
1266.2999,0.305
1266.3049,0.31
1266.3099,0.30800003
1266.315,0.303
1266.32,0.298
1266.325,0.291
1266.33,0.28100002
1266.335,0.26500002
1266.34,0.245
1266.345,0.22700001
1266.35,0.215
1266.355,0.208
1266.36,0.202
1266.365,0.19700001
1266.37,0.193
1266.375,0.192
1266.38,0.19100001
1266.385,0.18800001
1266.39,0.186
1266.395,0.187
1266.4,0.19000001
1266.405,0.19500001
1266.4099,0.19900002
1266.4149,0.20500001
1266.4199,0.21000001
1266.4249,0.21300001
1266.4299,0.21400002
1266.4349,0.215
1266.44,0.22000001
1266.445,0.22700001
1266.45,0.23300001
1266.455,0.238
1266.46,0.246
1266.465,0.25500003
1266.47,0.26000002
1266.475,0.257
1266.48,0.25100002
1266.485,0.246
1266.49,0.246
1266.495,0.246
1266.5,0.246
1266.505,0.25
1266.51,0.26000002
1266.515,0.273
1266.52,0.282
1266.525,0.28500003
1266.53,0.284
1266.5349,0.286
1266.5399,0.289
1266.5449,0.29200003
1266.5499,0.291
1266.5549,0.28800002
1266.5599,0.28500003
1266.565,0.282
1266.57,0.279
1266.575,0.27600002
1266.58,0.272
1266.585,0.27
1266.59,0.272
1266.595,0.279
1266.6,0.29000002
1266.605,0.29900002
1266.61,0.305
1266.615,0.30600002
1266.62,0.305
1266.625,0.30400002
1266.63,0.30200002
1266.635,0.316
1266.64,0.379
1266.645,0.50600004
1266.65,0.647
1266.655,0.69000006
1266.6599,0.55300003
1266.6649,0.277
1266.6699,0.018000001
1266.6749,-0.081
1266.6799,-0.007
1266.6849,0.134
1266.69,0.23200001
1266.695,0.263
1266.7,0.26900002
1266.705,0.28300002
1266.71,0.29700002
1266.715,0.29500002
1266.72,0.28300002
1266.725,0.27400002
1266.73,0.273
1266.735,0.27400002
1266.74,0.273
1266.745,0.27600002
1266.75,0.279
1266.755,0.27800003
1266.76,0.26900002
1266.765,0.264
1266.77,0.268
1266.775,0.27600002
1266.78,0.277
1266.7849,0.26900002
1266.7899,0.266
1266.7949,0.272
1266.7999,0.284
1266.8049,0.293
1266.8099,0.29900002
1266.815,0.307
1266.82,0.32200003
1266.825,0.33800003
1266.83,0.351
1266.835,0.36100003
1266.84,0.36900002
1266.845,0.377
1266.85,0.381
1266.855,0.37800002
1266.86,0.36900002
1266.865,0.358
1266.87,0.344
1266.875,0.32200003
1266.88,0.29200003
1266.885,0.257
1266.89,0.224
1266.895,0.19600001
1266.9,0.17500001
1266.905,0.158
1266.9099,0.14500001
1266.9149,0.133
1266.9199,0.11800001
1266.9249,0.102000006
1266.9299,0.08800001
1266.9349,0.079
1266.94,0.075
1266.945,0.07300001
1266.95,0.071
1266.955,0.069000006
1266.96,0.069000006
1266.965,0.069000006
1266.97,0.067
1266.975,0.065000005
1266.98,0.065000005
1266.985,0.067
1266.99,0.067
1266.995,0.062000003
1267.0,0.058000002
1267.005,0.059000004
1267.01,0.064
1267.015,0.066
1267.02,0.059000004
1267.025,0.047000002
1267.03,0.040000003
1267.0349,0.042000003
1267.0399,0.048
1267.0449,0.053000003
1267.0499,0.055000003
1267.0549,0.057000004
1267.0599,0.064
1267.065,0.07300001
1267.07,0.079
1267.075,0.079
1267.08,0.072000004
1267.085,0.063
1267.09,0.057000004
1267.095,0.055000003
1267.1,0.057000004
1267.105,0.057000004
1267.11,0.053000003
1267.115,0.047000002
1267.12,0.041
1267.125,0.038000003
1267.13,0.036000002
1267.135,0.034
1267.14,0.033
1267.145,0.030000001
1267.15,0.026
1267.155,0.023000002
1267.1599,0.025
1267.1649,0.028
1267.1699,0.037
1267.1749,0.079
1267.1799,0.18300001
1267.1849,0.32700002
1267.19,0.411
1267.195,0.32200003
1267.2,0.058000002
1267.205,-0.24100001
1267.21,-0.395
1267.215,-0.347
1267.22,-0.192
1267.225,-0.066
1267.23,-0.021000002
1267.235,-0.019000001
1267.24,-0.014
1267.245,-0.002
1267.25,0.002
1267.255,-0.001
1267.26,0.003
1267.265,0.012
1267.27,0.015000001
1267.275,0.008
1267.28,0.003
1267.2849,0.004
1267.2899,0.0050000004
1267.2949,0.001
1267.2999,-0.004
1267.3049,0.0
1267.3099,0.009000001
1267.315,0.016
1267.32,0.021000002
1267.325,0.030000001
1267.33,0.046000004
1267.335,0.061000004
1267.34,0.071
1267.345,0.081
1267.35,0.1
1267.355,0.127
1267.36,0.15100001
1267.365,0.16800001
1267.37,0.18200001
1267.375,0.201
1267.38,0.223
1267.385,0.24200001
1267.39,0.25500003
1267.395,0.26200002
1267.4,0.26500002
1267.405,0.26500002
1267.4099,0.261
1267.4149,0.256
1267.4199,0.25
1267.4249,0.245
1267.4299,0.23700002
1267.4349,0.22500001
1267.44,0.21300001
1267.445,0.20400001
1267.45,0.19900002
1267.455,0.19600001
1267.46,0.194
1267.465,0.19100001
1267.47,0.19000001
1267.475,0.18900001
1267.48,0.185
1267.485,0.17600001
1267.49,0.16600001
1267.495,0.15900001
1267.5,0.156
1267.505,0.15200001
1267.51,0.14400001
1267.515,0.133
1267.52,0.124000005
1267.525,0.11800001
1267.53,0.113000005
1267.5349,0.10700001
1267.5399,0.098000005
1267.5449,0.086
1267.5499,0.072000004
1267.5549,0.057000004
1267.5599,0.048
1267.565,0.045
1267.57,0.047000002
1267.575,0.048
1267.58,0.049000002
1267.585,0.051000003
1267.59,0.053000003
1267.595,0.051000003
1267.6,0.043
1267.605,0.033
1267.61,0.026
1267.615,0.023000002
1267.62,0.018000001
1267.625,0.007
1267.63,-0.009000001
1267.635,-0.021000002
1267.64,-0.027
1267.645,-0.030000001
1267.65,-0.036000002
1267.655,-0.046000004
1267.6599,-0.053000003
1267.6649,-0.051000003
1267.6699,-0.046000004
1267.6749,-0.047000002
1267.6799,-0.053000003
1267.6849,-0.054
1267.69,-0.052
1267.695,-0.045
1267.7,-0.015000001
1267.705,0.087000005
1267.71,0.268
1267.715,0.44000003
1267.72,0.44900003
1267.725,0.224
1267.73,-0.123
1267.735,-0.37600002
1267.74,-0.404
1267.745,-0.26500002
1267.75,-0.120000005
1267.755,-0.061000004
1267.76,-0.062000003
1267.765,-0.057000004
1267.77,-0.029000001
1267.775,-0.009000001
1267.78,-0.010000001
1267.7849,-0.016
1267.7899,-0.013
1267.7949,-0.009000001
1267.7999,-0.016
1267.8049,-0.026
1267.8099,-0.028
1267.815,-0.022000002
1267.82,-0.019000001
1267.825,-0.024
1267.83,-0.030000001
1267.835,-0.031000001
1267.84,-0.028
1267.845,-0.025
1267.85,-0.024
1267.855,-0.020000001
1267.86,-0.014
1267.865,-0.008
1267.87,0.0
1267.875,0.011000001
1267.88,0.026
1267.885,0.040000003
1267.89,0.051000003
1267.895,0.059000004
1267.9,0.066
1267.905,0.069000006
1267.9099,0.067
1267.9149,0.060000002
1267.9199,0.051000003
1267.9249,0.042000003
1267.9299,0.028
1267.9349,0.004
1267.94,-0.030000001
1267.945,-0.067
1267.95,-0.1
1267.955,-0.13100001
1267.96,-0.15900001
1267.965,-0.186
1267.97,-0.208
1267.975,-0.22600001
1267.98,-0.245
1267.985,-0.26700002
1267.99,-0.28800002
1267.995,-0.30200002
1268.0,-0.30600002
1268.005,-0.30600002
1268.01,-0.31100002
1268.015,-0.32000002
1268.02,-0.33100003
1268.025,-0.33600003
1268.03,-0.34
1268.0349,-0.34500003
1268.0399,-0.35300002
1268.0449,-0.36
1268.0499,-0.36200002
1268.0549,-0.36
1268.0599,-0.358
1268.065,-0.36400002
1268.07,-0.37500003
1268.075,-0.388
1268.08,-0.397
1268.085,-0.40100002
1268.09,-0.404
1268.095,-0.411
1268.1,-0.42100003
1268.105,-0.43
1268.11,-0.43500003
1268.115,-0.439
1268.12,-0.446
1268.125,-0.45700002
1268.13,-0.469
1268.135,-0.47800002
1268.14,-0.48600003
1268.145,-0.497
1268.15,-0.51100004
1268.155,-0.527
1268.1599,-0.54
1268.1649,-0.54700005
1268.1699,-0.551
1268.1749,-0.55700004
1268.1799,-0.564
1268.1849,-0.56700003
1268.19,-0.565
1268.195,-0.565
1268.2,-0.57100004
1268.205,-0.57900006
1268.21,-0.582
1268.215,-0.57600003
1268.22,-0.54300004
1268.225,-0.45400003
1268.23,-0.296
1268.235,-0.13100001
1268.24,-0.08400001
1268.245,-0.24800001
1268.25,-0.57000005
1268.255,-0.86200005
1268.26,-0.957
1268.265,-0.84800005
1268.27,-0.671
1268.275,-0.55700004
1268.28,-0.527
1268.2849,-0.52400005
1268.2899,-0.507
1268.2949,-0.48700002
1268.2999,-0.483
1268.3049,-0.49
1268.3099,-0.48800004
1268.315,-0.47800002
1268.32,-0.47300002
1268.325,-0.47500002
1268.33,-0.476
1268.335,-0.469
1268.34,-0.462
1268.345,-0.46
1268.35,-0.45800003
1268.355,-0.45000002
1268.36,-0.439
1268.365,-0.43
1268.37,-0.423
1268.375,-0.41300002
1268.38,-0.397
1268.385,-0.381
1268.39,-0.365
1268.395,-0.349
1268.4,-0.32700002
1268.405,-0.303
1268.4099,-0.28
1268.4149,-0.26000002
1268.4199,-0.24400002
1268.4249,-0.23400001
1268.4299,-0.22900002
1268.4349,-0.22700001
1268.44,-0.22500001
1268.445,-0.223
1268.45,-0.22600001
1268.455,-0.23700002
1268.46,-0.25500003
1268.465,-0.27800003
1268.47,-0.30100003
1268.475,-0.321
1268.48,-0.33600003
1268.485,-0.34500003
1268.49,-0.35000002
1268.495,-0.356
1268.5,-0.36200002
1268.505,-0.36800003
1268.51,-0.37100002
1268.515,-0.36900002
1268.52,-0.367
1268.525,-0.36400002
1268.53,-0.35900003
1268.5349,-0.351
1268.5399,-0.342
1268.5449,-0.335
1268.5499,-0.33100003
1268.5549,-0.32700002
1268.5599,-0.323
1268.565,-0.31800002
1268.57,-0.31500003
1268.575,-0.31300002
1268.58,-0.312
1268.585,-0.312
1268.59,-0.31100002
1268.595,-0.30800003
1268.6,-0.29900002
1268.605,-0.289
1268.61,-0.28
1268.615,-0.273
1268.62,-0.264
1268.625,-0.25
1268.63,-0.238
1268.635,-0.23600002
1268.64,-0.24200001
1268.645,-0.246
1268.65,-0.24200001
1268.655,-0.23300001
1268.6599,-0.22900002
1268.6649,-0.23
1268.6699,-0.23200001
1268.6749,-0.23
1268.6799,-0.22900002
1268.6849,-0.22800002
1268.69,-0.223
1268.695,-0.21000001
1268.7,-0.192
1268.705,-0.177
1268.71,-0.16900001
1268.715,-0.16700001
1268.72,-0.16600001
1268.725,-0.16800001
1268.73,-0.171
1268.735,-0.163
1268.74,-0.10700001
1268.745,0.019000001
1268.75,0.18300001
1268.755,0.28
1268.76,0.20500001
1268.765,-0.046000004
1268.77,-0.33900002
1268.775,-0.5
1268.78,-0.46100003
1268.7849,-0.30600002
1268.7899,-0.172
1268.7949,-0.12100001
1268.7999,-0.119
1268.8049,-0.11100001
1268.8099,-0.087000005
1268.815,-0.074
1268.82,-0.078
1268.825,-0.083000004
1268.83,-0.07300001
1268.835,-0.057000004
1268.84,-0.048
1268.845,-0.044000003
1268.85,-0.037
1268.855,-0.025
1268.86,-0.014
1268.865,-0.008
1268.87,0.001
1268.875,0.015000001
1268.88,0.031000001
1268.885,0.043
1268.89,0.051000003
1268.895,0.064
1268.9,0.083000004
1268.905,0.102000006
1268.9099,0.119
1268.9149,0.135
1268.9199,0.157
1268.9249,0.186
1268.9299,0.21900001
1268.9349,0.24700001
1268.94,0.266
1268.945,0.27800003
1268.95,0.28500003
1268.955,0.29000002
1268.96,0.294
1268.965,0.294
1268.97,0.28800002
1268.975,0.28
1268.98,0.27
1268.985,0.257
1268.99,0.24100001
1268.995,0.22700001
1269.0,0.21400002
1269.005,0.20500001
1269.01,0.19600001
1269.015,0.187
1269.02,0.18100001
1269.025,0.178
1269.03,0.179
1269.0349,0.179
1269.0399,0.178
1269.0449,0.179
1269.0499,0.18400002
1269.0549,0.19000001
1269.0599,0.19600001
1269.065,0.19900002
1269.07,0.201
1269.075,0.20500001
1269.08,0.21000001
1269.085,0.215
1269.09,0.21900001
1269.095,0.224
1269.1,0.23
1269.105,0.23600002
1269.11,0.24200001
1269.115,0.24900001
1269.12,0.256
1269.125,0.26200002
1269.13,0.27100003
1269.135,0.28300002
1269.14,0.3
1269.145,0.316
1269.15,0.32700002
1269.155,0.33100003
1269.1599,0.33
1269.1649,0.32900003
1269.1699,0.33100003
1269.1749,0.33400002
1269.1799,0.337
1269.1849,0.33600003
1269.19,0.33100003
1269.195,0.32700002
1269.2,0.32700002
1269.205,0.33400002
1269.21,0.34300002
1269.215,0.34600002
1269.22,0.34300002
1269.225,0.34
1269.23,0.34600002
1269.235,0.356
1269.24,0.36400002
1269.245,0.36600003
1269.25,0.367
1269.255,0.379
1269.26,0.42400002
1269.265,0.526
1269.27,0.675
1269.275,0.79200006
1269.28,0.76500005
1269.2849,0.555
1269.2899,0.263
1269.2949,0.067
1269.2999,0.066
1269.3049,0.20700002
1269.3099,0.35200003
1269.315,0.41900003
1269.32,0.42800003
1269.325,0.43400002
1269.33,0.45200002
1269.335,0.462
1269.34,0.45700002
1269.345,0.453
1269.35,0.462
1269.355,0.47200003
1269.36,0.47100002
1269.365,0.46600002
1269.37,0.47200003
1269.375,0.48400003
1269.38,0.49100003
1269.385,0.48800004
1269.39,0.48600003
1269.395,0.49400002
1269.4,0.509
1269.405,0.521
1269.4099,0.527
1269.4149,0.531
1269.4199,0.537
1269.4249,0.546
1269.4299,0.558
1269.4349,0.57600003
1269.44,0.59800005
1269.445,0.619
1269.45,0.63600004
1269.455,0.65000004
1269.46,0.66200006
1269.465,0.675
1269.47,0.684
1269.475,0.689
1269.48,0.68700004
1269.485,0.68
1269.49,0.66700006
1269.495,0.648
1269.5,0.62600005
1269.505,0.601
1269.51,0.57600003
1269.515,0.55200005
1269.52,0.531
1269.525,0.51100004
1269.53,0.492
1269.5349,0.47500002
1269.5399,0.46100003
1269.5449,0.44900003
1269.5499,0.439
1269.5549,0.43
1269.5599,0.42100003
1269.565,0.41000003
1269.57,0.40100002
1269.575,0.39400002
1269.58,0.39000002
1269.585,0.38700002
1269.59,0.38300002
1269.595,0.37500003
1269.6,0.36400002
1269.605,0.354
1269.61,0.34600002
1269.615,0.34300002
1269.62,0.34300002
1269.625,0.34300002
1269.63,0.337
1269.635,0.32500002
1269.64,0.312
1269.645,0.30400002
1269.65,0.30200002
1269.655,0.30400002
1269.6599,0.307
1269.6649,0.307
1269.6699,0.305
1269.6749,0.30100003
1269.6799,0.296
1269.6849,0.29000002
1269.69,0.282
1269.695,0.272
1269.7,0.261
1269.705,0.252
1269.71,0.246
1269.715,0.238
1269.72,0.22600001
1269.725,0.21100001
1269.73,0.2
1269.735,0.19600001
1269.74,0.192
1269.745,0.18400002
1269.75,0.177
1269.755,0.17300001
1269.76,0.171
1269.765,0.16700001
1269.77,0.162
1269.775,0.156
1269.78,0.15300001
1269.7849,0.17500001
1269.7899,0.26000002
1269.7949,0.41500002
1269.7999,0.563
1269.8049,0.56700003
1269.8099,0.354
1269.815,0.016
1269.82,-0.24300002
1269.825,-0.286
1269.83,-0.157
1269.835,-0.007
1269.84,0.059000004
1269.845,0.057000004
1269.85,0.054
1269.855,0.07
1269.86,0.082
1269.865,0.074
1269.87,0.064
1269.875,0.067
1269.88,0.074
1269.885,0.069000006
1269.89,0.055000003
1269.895,0.047000002
1269.9,0.049000002
1269.905,0.052
1269.9099,0.049000002
1269.9149,0.045
1269.9199,0.048
1269.9249,0.055000003
1269.9299,0.058000002
1269.9349,0.057000004
1269.94,0.055000003
1269.945,0.055000003
1269.95,0.057000004
1269.955,0.064
1269.96,0.076000005
1269.965,0.09200001
1269.97,0.108
1269.975,0.12100001
1269.98,0.135
1269.985,0.15100001
1269.99,0.163
1269.995,0.16700001
1270.0,0.15900001
1270.005,0.14400001
1270.01,0.126
1270.015,0.109000005
1270.02,0.091000006
1270.025,0.071
1270.03,0.047000002
1270.0349,0.019000001
1270.0399,-0.009000001
1270.0449,-0.035
1270.0499,-0.054
1270.0549,-0.071
1270.0599,-0.086
1270.065,-0.101
1270.07,-0.116000004
1270.075,-0.128
1270.08,-0.13900001
1270.085,-0.14600001
1270.09,-0.15200001
1270.095,-0.157
1270.1,-0.163
1270.105,-0.16900001
1270.11,-0.17500001
1270.115,-0.178
1270.12,-0.18
1270.125,-0.18200001
1270.13,-0.186
1270.135,-0.192
1270.14,-0.19900002
1270.145,-0.20500001
1270.15,-0.209
1270.155,-0.21200001
1270.1599,-0.21800001
1270.1649,-0.22600001
1270.1699,-0.23200001
1270.1749,-0.23300001
1270.1799,-0.231
1270.1849,-0.22800002
1270.19,-0.22500001
1270.195,-0.223
1270.2,-0.22200002
1270.205,-0.22500001
1270.21,-0.23400001
1270.215,-0.24300002
1270.22,-0.24900001
1270.225,-0.252
1270.23,-0.256
1270.235,-0.264
1270.24,-0.273
1270.245,-0.28
1270.25,-0.28300002
1270.255,-0.287
1270.26,-0.293
1270.265,-0.29900002
1270.27,-0.30200002
1270.275,-0.30100003
1270.28,-0.29900002
1270.2849,-0.30100003
1270.2899,-0.30600002
1270.2949,-0.30900002
1270.2999,-0.307
1270.3049,-0.284
1270.3099,-0.20500001
1270.315,-0.052
1270.32,0.119
1270.325,0.177
1270.33,0.023000002
1270.335,-0.29700002
1270.34,-0.59400004
1270.345,-0.697
1270.35,-0.59900004
1270.355,-0.43800002
1270.36,-0.342
1270.365,-0.324
1270.37,-0.321
1270.375,-0.3
1270.38,-0.28
1270.385,-0.28300002
1270.39,-0.293
1270.395,-0.28800002
1270.4,-0.26900002
1270.405,-0.26000002
1270.4099,-0.26500002
1270.4149,-0.27
1270.4199,-0.266
1270.4249,-0.26000002
1270.4299,-0.26000002
1270.4349,-0.26200002
1270.44,-0.259
1270.445,-0.25
1270.45,-0.24300002
1270.455,-0.23700002
1270.46,-0.22600001
1270.465,-0.208
1270.47,-0.19000001
1270.475,-0.17600001
1270.48,-0.164
1270.485,-0.14500001
1270.49,-0.119
1270.495,-0.091000006
1270.5,-0.067
1270.505,-0.05
1270.51,-0.035
1270.515,-0.022000002
1270.52,-0.009000001
1270.525,-0.001
1270.53,-0.002
1270.5349,-0.014
1270.5399,-0.031000001
1270.5449,-0.051000003
1270.5499,-0.069000006
1270.5549,-0.087000005
1270.5599,-0.106000006
1270.565,-0.124000005
1270.57,-0.13900001
1270.575,-0.148
1270.58,-0.15300001
1270.585,-0.156
1270.59,-0.15900001
1270.595,-0.164
1270.6,-0.16800001
1270.605,-0.17
1270.61,-0.16800001
1270.615,-0.165
1270.62,-0.16000001
1270.625,-0.156
1270.63,-0.15200001
1270.635,-0.147
1270.64,-0.14
1270.645,-0.132
1270.65,-0.124000005
1270.655,-0.119
1270.6599,-0.115
1270.6649,-0.11000001
1270.6699,-0.1
1270.6749,-0.09200001
1270.6799,-0.089
1270.6849,-0.091000006
1270.69,-0.094000004
1270.695,-0.09
1270.7,-0.079
1270.705,-0.066
1270.71,-0.053000003
1270.715,-0.040000003
1270.72,-0.027
1270.725,-0.017
1270.73,-0.012
1270.735,-0.012
1270.74,-0.012
1270.745,-0.010000001
1270.75,-0.007
1270.755,-0.006
1270.76,-0.0050000004
1270.765,-0.002
1270.77,0.0
1270.775,0.003
1270.78,0.0050000004
1270.7849,0.008
1270.7899,0.011000001
1270.7949,0.017
1270.7999,0.025
1270.8049,0.035
1270.8099,0.044000003
1270.815,0.05
1270.82,0.053000003
1270.825,0.055000003
1270.83,0.07300001
1270.835,0.14
1270.84,0.27800003
1270.845,0.448
1270.85,0.53900003
1270.855,0.44500002
1270.86,0.17500001
1270.865,-0.12200001
1270.87,-0.26700002
1270.875,-0.20500001
1270.88,-0.036000002
1270.885,0.1
1270.89,0.147
1270.895,0.148
1270.9,0.157
1270.905,0.18200001
1270.9099,0.201
1270.9149,0.20700002
1270.9199,0.21300001
1270.9249,0.22600001
1270.9299,0.23900001
1270.9349,0.245
1270.94,0.246
1270.945,0.25
1270.95,0.256
1270.955,0.263
1270.96,0.27100003
1270.965,0.28300002
1270.97,0.29900002
1270.975,0.312
1270.98,0.321
1270.985,0.33200002
1270.99,0.347
1270.995,0.365
1271.0,0.38200003
1271.005,0.4
1271.01,0.423
1271.015,0.45200002
1271.02,0.483
1271.025,0.512
1271.03,0.537
1271.0349,0.55700004
1271.0399,0.57100004
1271.0449,0.582
1271.0499,0.59000003
1271.0549,0.59800005
1271.0599,0.60200006
1271.065,0.597
1271.07,0.583
1271.075,0.564
1271.08,0.545
1271.085,0.53000003
1271.09,0.518
1271.095,0.508
1271.1,0.499
1271.105,0.492
1271.11,0.48800004
1271.115,0.485
1271.12,0.483
1271.125,0.483
1271.13,0.48400003
1271.135,0.48700002
1271.14,0.49300003
1271.145,0.50100005
1271.15,0.51000005
1271.155,0.51600003
1271.1599,0.52000004
1271.1649,0.523
1271.1699,0.528
1271.1749,0.537
1271.1799,0.54700005
1271.1849,0.554
1271.19,0.559
1271.195,0.565
1271.2,0.573
1271.205,0.58400005
1271.21,0.59400004
1271.215,0.6
1271.22,0.60300004
1271.225,0.60800004
1271.23,0.61600006
1271.235,0.625
1271.24,0.63000005
1271.245,0.63100004
1271.25,0.63100004
1271.255,0.63500005
1271.26,0.64500004
1271.265,0.65800005
1271.27,0.67300004
1271.275,0.68500006
1271.28,0.694
1271.2849,0.69900006
1271.2899,0.703
1271.2949,0.70900005
1271.2999,0.716
1271.3049,0.72
1271.3099,0.72
1271.315,0.71500003
1271.32,0.711
1271.325,0.708
1271.33,0.70900005
1271.335,0.712
1271.34,0.71400005
1271.345,0.71400005
1271.35,0.712
1271.355,0.712
1271.36,0.716
1271.365,0.72300005
1271.37,0.72900003
1271.375,0.734
1271.38,0.739
1271.385,0.75100005
1271.39,0.786
1271.395,0.86800003
1271.4,1.001
1271.405,1.13
1271.4099,1.151
1271.4149,0.99600005
1271.4199,0.72300005
1271.4249,0.49
1271.4299,0.42600003
1271.4349,0.527
1271.44,0.67600006
1271.445,0.77000004
1271.45,0.79800004
1271.455,0.80600005
1271.46,0.822
1271.465,0.83500004
1271.47,0.832
1271.475,0.82500005
1271.48,0.832
1271.485,0.84900004
1271.49,0.86
1271.495,0.86200005
1271.5,0.86500007
1271.505,0.87600005
1271.51,0.89100003
1271.515,0.89900005
1271.52,0.901
1271.525,0.90500003
1271.53,0.91600007
1271.5349,0.93100005
1271.5399,0.94600004
1271.5449,0.95800006
1271.5499,0.97
1271.5549,0.9850001
1271.5599,1.0040001
1271.565,1.028
1271.57,1.052
1271.575,1.074
1271.58,1.0940001
1271.585,1.1140001
1271.59,1.1370001
1271.595,1.159
1271.6,1.1780001
1271.605,1.189
1271.61,1.194
1271.615,1.197
1271.62,1.2
1271.625,1.2
1271.63,1.1930001
1271.635,1.1780001
1271.64,1.156
1271.645,1.1350001
1271.65,1.118
1271.655,1.107
1271.6599,1.0990001
1271.6649,1.09
1271.6699,1.082
1271.6749,1.075
1271.6799,1.072
1271.6849,1.072
1271.69,1.0710001
1271.695,1.069
1271.7,1.0660001
1271.705,1.065
1271.71,1.0660001
1271.715,1.069
1271.72,1.0730001
1271.725,1.075
1271.73,1.0760001
1271.735,1.074
1271.74,1.075
1271.745,1.077
1271.75,1.0810001
1271.755,1.0840001
1271.76,1.0860001
1271.765,1.0860001
1271.77,1.087
1271.775,1.087
1271.78,1.087
1271.7849,1.087
1271.7899,1.0860001
1271.7949,1.082
1271.7999,1.0780001
1271.8049,1.075
1271.8099,1.075
1271.815,1.077
1271.82,1.074
1271.825,1.0660001
1271.83,1.0550001
1271.835,1.047
1271.84,1.047
1271.845,1.0500001
1271.85,1.054
1271.855,1.057
1271.86,1.059
1271.865,1.0600001
1271.87,1.057
1271.875,1.0500001
1271.88,1.0400001
1271.885,1.028
1271.89,1.0150001
1271.895,1.0040001
1271.9,0.99500006
1271.905,0.98600006
1271.9099,0.97400004
1271.9149,0.96000004
1271.9199,0.947
1271.9249,0.938
1271.9299,0.93000007
1271.9349,0.92200005
1271.94,0.91300005
1271.945,0.90500003
1271.95,0.896
1271.955,0.88600004
1271.96,0.87700003
1271.965,0.87100005
1271.97,0.86800003
1271.975,0.88400006
1271.98,0.94900006
1271.985,1.07
1271.99,1.192
1271.995,1.2030001
1272.0,1.029
1272.005,0.73200005
1272.01,0.48000002
1272.015,0.41000003
1272.02,0.509
1272.025,0.652
1272.03,0.73
1272.0349,0.739
1272.0399,0.73200005
1272.0449,0.74
1272.0499,0.749
1272.0549,0.74300003
1272.0599,0.72800004
1272.065,0.721
1272.07,0.71800005
1272.075,0.712
1272.08,0.70100003
1272.085,0.69500005
1272.09,0.693
1272.095,0.69000006
1272.1,0.68
1272.105,0.67
1272.11,0.665
1272.115,0.665
1272.12,0.66400003
1272.125,0.66
1272.13,0.65400004
1272.135,0.65000004
1272.14,0.647
1272.145,0.647
1272.15,0.64900005
1272.155,0.65400004
1272.1599,0.66200006
1272.1649,0.67200005
1272.1699,0.68500006
1272.1749,0.69900006
1272.1799,0.707
1272.1849,0.708
1272.19,0.702
1272.195,0.69600004
1272.2,0.69000006
1272.205,0.68
1272.21,0.66300005
1272.215,0.638
1272.22,0.60800004
1272.225,0.577
1272.23,0.544
1272.235,0.512
1272.24,0.48200002
1272.245,0.45600003
1272.25,0.43400002
1272.255,0.41300002
1272.26,0.39400002
1272.265,0.37500003
1272.27,0.35900003
1272.275,0.34500003
1272.28,0.333
1272.2849,0.323
1272.2899,0.316
1272.2949,0.31
1272.2999,0.303
1272.3049,0.29200003
1272.3099,0.28
1272.315,0.273
1272.32,0.26900002
1272.325,0.266
1272.33,0.26000002
1272.335,0.25
1272.34,0.238
1272.345,0.22600001
1272.35,0.215
1272.355,0.20600002
1272.36,0.19900002
1272.365,0.19600001
1272.37,0.193
1272.375,0.185
1272.38,0.17600001
1272.385,0.16600001
1272.39,0.158
1272.395,0.149
1272.4,0.13700001
1272.405,0.124000005
1272.4099,0.11400001
1272.4149,0.106000006
1272.4199,0.097
1272.4249,0.086
1272.4299,0.07700001
1272.4349,0.07300001
1272.44,0.075
1272.445,0.078
1272.45,0.078
1272.455,0.072000004
1272.46,0.064
1272.465,0.055000003
1272.47,0.046000004
1272.475,0.036000002
1272.48,0.023000002
1272.485,0.006
1272.49,-0.015000001
1272.495,-0.033
1272.5,-0.042000003
1272.505,-0.043
1272.51,-0.047000002
1272.515,-0.057000004
1272.52,-0.071
1272.525,-0.079
1272.53,-0.081
1272.5349,-0.08400001
1272.5399,-0.093
1272.5449,-0.109000005
1272.5499,-0.12100001
1272.5549,-0.108
1272.5599,-0.035
1272.565,0.113000005
1272.57,0.279
1272.575,0.337
1272.58,0.18400002
1272.585,-0.136
1272.59,-0.44300002
1272.595,-0.56200004
1272.6,-0.47800002
1272.605,-0.326
1272.61,-0.23400001
1272.615,-0.224
1272.62,-0.23400001
1272.625,-0.223
1272.63,-0.20700002
1272.635,-0.21100001
1272.64,-0.22800002
1272.645,-0.23500001
1272.65,-0.231
1272.655,-0.23300001
1272.6599,-0.245
1272.6649,-0.25500003
1272.6699,-0.256
1272.6749,-0.25500003
1272.6799,-0.26000002
1272.6849,-0.26700002
1272.69,-0.26900002
1272.695,-0.26700002
1272.7,-0.266
1272.705,-0.268
1272.71,-0.27
1272.715,-0.26700002
1272.72,-0.26200002
1272.725,-0.25500003
1272.73,-0.246
1272.735,-0.23500001
1272.74,-0.22100002
1272.745,-0.20500001
1272.75,-0.187
1272.755,-0.171
1272.76,-0.16100001
1272.765,-0.15900001
1272.77,-0.15900001
1272.775,-0.158
1272.78,-0.16000001
1272.7849,-0.16900001
1272.7899,-0.18800001
1272.7949,-0.21200001
1272.7999,-0.238
1272.8049,-0.264
1272.8099,-0.293
1272.815,-0.321
1272.82,-0.347
1272.825,-0.367
1272.83,-0.38300002
1272.835,-0.39800003
1272.84,-0.41300002
1272.845,-0.42800003
1272.85,-0.44200003
1272.855,-0.45400003
1272.86,-0.46300003
1272.865,-0.47000003
1272.87,-0.47500002
1272.875,-0.47900003
1272.88,-0.48400003
1272.885,-0.49100003
1272.89,-0.49800003
1272.895,-0.50100005
1272.9,-0.5
1272.905,-0.49800003
1272.9099,-0.5
1272.9149,-0.505
1272.9199,-0.51100004
1272.9249,-0.51500005
1272.9299,-0.518
1272.9349,-0.527
1272.94,-0.54
1272.945,-0.55200005
1272.95,-0.55700004
1272.955,-0.555
1272.96,-0.555
1272.965,-0.56200004
1272.97,-0.57500005
1272.975,-0.586
1272.98,-0.59300005
1272.985,-0.60200006
1272.99,-0.61800003
1272.995,-0.63500005
1273.0,-0.64500004
1273.005,-0.64400005
1273.01,-0.638
1273.015,-0.63500005
1273.02,-0.63500005
1273.025,-0.63600004
1273.03,-0.63500005
1273.0349,-0.63900006
1273.0399,-0.647
1273.0449,-0.65800005
1273.0499,-0.666
1273.0549,-0.674
1273.0599,-0.68500006
1273.065,-0.69900006
1273.07,-0.712
1273.075,-0.72200006
1273.08,-0.731
1273.085,-0.74
1273.09,-0.75100005
1273.095,-0.758
1273.1,-0.762
1273.105,-0.76400006
1273.11,-0.771
1273.115,-0.781
1273.12,-0.79300004
1273.125,-0.804
1273.13,-0.809
1273.135,-0.78700006
1273.14,-0.70500004
1273.145,-0.563
1273.15,-0.43100002
1273.155,-0.42900002
1273.1599,-0.62100005
1273.1649,-0.93000007
1273.1699,-1.1780001
1273.1749,-1.238
1273.1799,-1.1290001
1273.1849,-0.98300004
1273.19,-0.901
1273.195,-0.88600004
1273.2,-0.887
1273.205,-0.87600005
1273.21,-0.86700004
1273.215,-0.87600005
1273.22,-0.88900006
1273.225,-0.89100003
1273.23,-0.883
1273.235,-0.88100004
1273.24,-0.88900006
1273.245,-0.89900005
1273.25,-0.90200007
1273.255,-0.90200007
1273.26,-0.90400004
1273.265,-0.90900004
1273.27,-0.91200006
1273.275,-0.91
1273.28,-0.90500003
1273.2849,-0.89800006
1273.2899,-0.89300007
1273.2949,-0.89000005
1273.2999,-0.88600004
1273.3049,-0.87700003
1273.3099,-0.86300004
1273.315,-0.846
1273.32,-0.83000004
1273.325,-0.81500006
1273.33,-0.8
1273.335,-0.78400004
1273.34,-0.77000004
1273.345,-0.75900006
1273.35,-0.75500005
1273.355,-0.758
1273.36,-0.767
1273.365,-0.77900004
1273.37,-0.78900003
1273.375,-0.80300003
1273.38,-0.82400006
1273.385,-0.85400003
1273.39,-0.88600004
1273.395,-0.91300005
1273.4,-0.93500006
1273.405,-0.95300007
1273.4099,-0.9710001
1273.4149,-0.98700005
1273.4199,-1.0
1273.4249,-1.011
1273.4299,-1.023
1273.4349,-1.033
1273.44,-1.041
1273.445,-1.046
1273.45,-1.0500001
1273.455,-1.052
1273.46,-1.052
1273.465,-1.0500001
1273.47,-1.0500001
1273.475,-1.054
1273.48,-1.0580001
1273.485,-1.062
1273.49,-1.0630001
1273.495,-1.0630001
1273.5,-1.065
1273.505,-1.0680001
1273.51,-1.0710001
1273.515,-1.072
1273.52,-1.069
1273.525,-1.065
1273.53,-1.0630001
1273.5349,-1.065
1273.5399,-1.069
1273.5449,-1.0730001
1273.5499,-1.072
1273.5549,-1.07
1273.5599,-1.0680001
1273.565,-1.072
1273.57,-1.0780001
1273.575,-1.085
1273.58,-1.092
1273.585,-1.098
1273.59,-1.1010001
1273.595,-1.102
1273.6,-1.0990001
1273.605,-1.0940001
1273.61,-1.088
1273.615,-1.0830001
1273.62,-1.082
1273.625,-1.082
1273.63,-1.0830001
1273.635,-1.082
1273.64,-1.0840001
1273.645,-1.087
1273.65,-1.095
1273.655,-1.1040001
1273.6599,-1.1140001
1273.6649,-1.121
1273.6699,-1.125
1273.6749,-1.1270001
1273.6799,-1.128
1273.6849,-1.13
1273.69,-1.128
1273.695,-1.1220001
1273.7,-1.1140001
1273.705,-1.1110001
1273.71,-1.1140001
1273.715,-1.1190001
1273.72,-1.12
1273.725,-1.0990001
1273.73,-1.0270001
1273.735,-0.896
1273.74,-0.75500005
1273.745,-0.71500003
1273.75,-0.85600007
1273.755,-1.133
1273.76,-1.3870001
1273.765,-1.4720001
1273.77,-1.383
1273.775,-1.2360001
1273.78,-1.143
1273.7849,-1.1170001
1273.7899,-1.1120001
1273.7949,-1.095
1273.7999,-1.08
1273.8049,-1.082
1273.8099,-1.088
1273.815,-1.082
1273.82,-1.0680001
1273.825,-1.065
1273.83,-1.0730001
1273.835,-1.079
1273.84,-1.0710001
1273.845,-1.0600001
1273.85,-1.056
1273.855,-1.057
1273.86,-1.054
1273.865,-1.0450001
1273.87,-1.036
1273.875,-1.031
1273.88,-1.0250001
1273.885,-1.016
1273.89,-1.0040001
1273.895,-0.99300003
1273.9,-0.98
1273.905,-0.9620001
1273.9099,-0.94000006
1273.9149,-0.91800004
1273.9199,-0.896
1273.9249,-0.87500006
1273.9299,-0.855
1273.9349,-0.83800006
1273.94,-0.827
1273.945,-0.823
1273.95,-0.822
1273.955,-0.823
1273.96,-0.82900006
1273.965,-0.841
1273.97,-0.85700005
1273.975,-0.873
1273.98,-0.89000005
1273.985,-0.90700006
1273.99,-0.9250001
1273.995,-0.94100004
1274.0,-0.952
1274.005,-0.95900005
1274.01,-0.96400005
1274.015,-0.96900004
1274.02,-0.97300005
1274.025,-0.97700006
1274.03,-0.98
1274.0349,-0.98300004
1274.0399,-0.984
1274.0449,-0.98100007
1274.0499,-0.97700006
1274.0549,-0.97200006
1274.0599,-0.96800005
1274.065,-0.96400005
1274.07,-0.96000004
1274.075,-0.957
1274.08,-0.95600003
1274.085,-0.952
1274.09,-0.94500005
1274.095,-0.93600005
1274.1,-0.93100005
1274.105,-0.929
1274.11,-0.92800003
1274.115,-0.924
1274.12,-0.919
1274.125,-0.91400003
1274.13,-0.91400003
1274.135,-0.915
1274.14,-0.915
1274.145,-0.91300005
1274.15,-0.90900004
1274.155,-0.90400004
1274.1599,-0.90000004
1274.1649,-0.90000004
1274.1699,-0.90200007
1274.1749,-0.90300006
1274.1799,-0.89900005
1274.1849,-0.896
1274.19,-0.89900005
1274.195,-0.90700006
1274.2,-0.91600007
1274.205,-0.91800004
1274.21,-0.91400003
1274.215,-0.90900004
1274.22,-0.90300006
1274.225,-0.89500004
1274.23,-0.88600004
1274.235,-0.88100004
1274.24,-0.88000005
1274.245,-0.88100004
1274.25,-0.88100004
1274.255,-0.87900007
1274.26,-0.883
1274.265,-0.89000005
1274.27,-0.897
1274.275,-0.901
1274.28,-0.906
1274.2849,-0.91300005
1274.2899,-0.919
1274.2949,-0.92
1274.2999,-0.91800004
1274.3049,-0.91700006
1274.3099,-0.919
1274.315,-0.92300004
1274.32,-0.92700005
1274.325,-0.93000007
1274.33,-0.933
1274.335,-0.93500006
1274.34,-0.92600006
1274.345,-0.883
1274.35,-0.78400004
1274.355,-0.646
1274.36,-0.55300003
1274.365,-0.61
1274.37,-0.83900005
1274.375,-1.128
1274.38,-1.3110001
1274.385,-1.304
1274.39,-1.171
1274.395,-1.044
1274.4,-0.99300003
1274.405,-0.99300003
1274.4099,-0.99500006
1274.4149,-0.984
1274.4199,-0.97900003
1274.4249,-0.984
1274.4299,-0.989
1274.4349,-0.9850001
1274.44,-0.98200005
1274.445,-0.989
1274.45,-0.9990001
1274.455,-1.001
1274.46,-0.99500006
1274.465,-0.99200004
1274.47,-0.99500006
1274.475,-0.99600005
1274.48,-0.99200004
1274.485,-0.98600006
1274.49,-0.98200005
1274.495,-0.98
1274.5,-0.97900003
1274.505,-0.9760001
1274.51,-0.97
1274.515,-0.961
1274.52,-0.9480001
1274.525,-0.933
1274.53,-0.91700006
1274.5349,-0.90000004
1274.5399,-0.87900007
1274.5449,-0.859
1274.5499,-0.845
1274.5549,-0.841
1274.5599,-0.841
1274.565,-0.841
1274.57,-0.841
1274.575,-0.846
1274.58,-0.86200005
1274.585,-0.883
1274.59,-0.90400004
1274.595,-0.92200005
1274.6,-0.93900007
1274.605,-0.961
1274.61,-0.98800004
1274.615,-1.0150001
1274.62,-1.0350001
1274.625,-1.0480001
1274.63,-1.0550001
1274.635,-1.062
1274.64,-1.0710001
1274.645,-1.0830001
1274.65,-1.092
1274.655,-1.0960001
1274.6599,-1.097
1274.6649,-1.097
1274.6699,-1.097
1274.6749,-1.0990001
1274.6799,-1.102
1274.6849,-1.108
1274.69,-1.1140001
1274.695,-1.1170001
1274.7,-1.116
1274.705,-1.115
1274.71,-1.116
1274.715,-1.1190001
1274.72,-1.1220001
1274.725,-1.1220001
1274.73,-1.1240001
1274.735,-1.13
1274.74,-1.138
1274.745,-1.143
1274.75,-1.1420001
1274.755,-1.1400001
1274.76,-1.1400001
1274.765,-1.1420001
1274.77,-1.146
1274.775,-1.1500001
1274.78,-1.153
1274.7849,-1.154
1274.7899,-1.156
1274.7949,-1.161
1274.7999,-1.1680001
1274.8049,-1.1730001
1274.8099,-1.1700001
1274.815,-1.159
1274.82,-1.1470001
1274.825,-1.141
1274.83,-1.1420001
1274.835,-1.146
1274.84,-1.149
1274.845,-1.151
1274.85,-1.154
1274.855,-1.154
1274.86,-1.1520001
1274.865,-1.149
1274.87,-1.1520001
1274.875,-1.1600001
1274.88,-1.1700001
1274.885,-1.1780001
1274.89,-1.1830001
1274.895,-1.187
1274.9,-1.192
1274.905,-1.1910001
1274.9099,-1.1850001
1274.9149,-1.177
1274.9199,-1.1730001
1274.9249,-1.176
1274.9299,-1.1810001
1274.9349,-1.164
1274.94,-1.0840001
1274.945,-0.92700005
1274.95,-0.757
1274.955,-0.707
1274.96,-0.86800003
1274.965,-1.1860001
1274.97,-1.473
1274.975,-1.5710001
1274.98,-1.478
1274.985,-1.325
1274.99,-1.233
